comp_id_a,comp_id_b,value,note
1,2,-1.0,Дублирование роли
1,7,-1.0,Дублирование роли
1,8,-1.0,Дублирование роли
1,11,-1.0,Дублирование роли
1,12,-1.0,Дублирование роли
1,15,3.0,ML pipeline: данные + модели
1,16,3.0,ML pipeline: данные + модели
1,21,3.0,ML pipeline: данные + модели
1,22,3.0,ML pipeline: данные + модели
1,29,3.0,ML pipeline: данные + модели
1,30,3.0,ML pipeline: данные + модели
1,34,3.0,ML pipeline: данные + модели
1,35,3.0,ML pipeline: данные + модели
1,38,-1.0,Дублирование роли
1,39,-1.0,Дублирование роли
1,40,2.5,Data pipeline + архитектура
1,41,2.5,Data pipeline + архитектура
1,46,2.5,Data pipeline + архитектура
1,47,2.5,Data pipeline + архитектура
1,57,3.0,ML pipeline: данные + модели
1,63,3.0,ML pipeline: данные + модели
1,64,3.0,ML pipeline: данные + модели
1,65,3.0,ML pipeline: данные + модели
1,66,3.0,ML pipeline: данные + модели
1,76,3.0,ML pipeline: данные + модели
1,77,3.0,ML pipeline: данные + модели
1,78,3.0,ML pipeline: данные + модели
1,83,3.0,ML pipeline: данные + модели
1,84,3.0,ML pipeline: данные + модели
1,89,-1.0,Дублирование роли
1,95,3.0,ML pipeline: данные + модели
1,96,3.0,ML pipeline: данные + модели
1,97,2.5,Data pipeline + архитектура
1,98,2.5,Data pipeline + архитектура
1,99,3.0,ML pipeline: данные + модели
1,100,3.0,ML pipeline: данные + модели
1,102,-1.0,Дублирование роли
1,103,-1.0,Дублирование роли
1,104,-1.0,Дублирование роли
1,105,3.0,ML pipeline: данные + модели
1,108,2.5,Data pipeline + архитектура
1,109,2.5,Data pipeline + архитектура
2,7,-1.0,Дублирование роли
2,8,-1.0,Дублирование роли
2,11,-1.0,Дублирование роли
2,12,-1.0,Дублирование роли
2,15,3.0,ML pipeline: данные + модели
2,16,3.0,ML pipeline: данные + модели
2,21,3.0,ML pipeline: данные + модели
2,22,3.0,ML pipeline: данные + модели
2,29,3.0,ML pipeline: данные + модели
2,30,3.0,ML pipeline: данные + модели
2,34,3.0,ML pipeline: данные + модели
2,35,3.0,ML pipeline: данные + модели
2,38,-1.0,Дублирование роли
2,39,-1.0,Дублирование роли
2,40,2.5,Data pipeline + архитектура
2,41,2.5,Data pipeline + архитектура
2,46,2.5,Data pipeline + архитектура
2,47,2.5,Data pipeline + архитектура
2,57,3.0,ML pipeline: данные + модели
2,63,3.0,ML pipeline: данные + модели
2,64,3.0,ML pipeline: данные + модели
2,65,3.0,ML pipeline: данные + модели
2,66,3.0,ML pipeline: данные + модели
2,76,3.0,ML pipeline: данные + модели
2,77,3.0,ML pipeline: данные + модели
2,78,3.0,ML pipeline: данные + модели
2,83,3.0,ML pipeline: данные + модели
2,84,3.0,ML pipeline: данные + модели
2,89,-1.0,Дублирование роли
2,95,3.0,ML pipeline: данные + модели
2,96,3.0,ML pipeline: данные + модели
2,97,2.5,Data pipeline + архитектура
2,98,2.5,Data pipeline + архитектура
2,99,3.0,ML pipeline: данные + модели
2,100,3.0,ML pipeline: данные + модели
2,102,-1.0,Дублирование роли
2,103,-1.0,Дублирование роли
2,104,-1.0,Дублирование роли
2,105,3.0,ML pipeline: данные + модели
2,108,2.5,Data pipeline + архитектура
2,109,2.5,Data pipeline + архитектура
3,4,-1.0,Дублирование роли
3,5,-1.0,Дублирование роли
3,6,-1.0,Дублирование роли
3,9,-1.0,Дублирование роли
3,10,-1.0,Дублирование роли
3,13,2.0,Аналитика + моделирование
3,14,2.0,Аналитика + моделирование
3,15,2.5,Исследования + продакшн
3,16,2.5,Исследования + продакшн
3,17,2.0,Аналитика + моделирование
3,18,2.0,Аналитика + моделирование
3,19,-1.0,Дублирование роли
3,20,-1.0,Дублирование роли
3,21,2.5,Исследования + продакшн
3,22,2.5,Исследования + продакшн
3,23,2.0,Аналитика + моделирование
3,24,2.0,Аналитика + моделирование
3,25,2.0,Аналитика + моделирование
3,26,2.0,Аналитика + моделирование
3,27,2.0,Аналитика + моделирование
3,28,2.0,Аналитика + моделирование
3,29,2.5,Исследования + продакшн
3,30,2.5,Исследования + продакшн
3,31,1.5,Исследования + практика
3,32,1.5,Исследования + практика
3,33,1.5,Исследования + практика
3,34,2.5,Исследования + продакшн
3,35,2.5,Исследования + продакшн
3,40,1.5,Data-driven архитектура
3,41,1.5,Data-driven архитектура
3,42,1.5,Исследования + практика
3,43,1.5,Исследования + практика
3,44,1.5,Исследования + практика
3,45,1.5,Исследования + практика
3,46,1.5,Data-driven архитектура
3,47,1.5,Data-driven архитектура
3,48,2.0,Аналитика + моделирование
3,49,2.0,Аналитика + моделирование
3,50,1.5,Исследования + практика
3,51,1.5,Исследования + практика
3,52,1.5,Исследования + практика
3,53,1.5,Исследования + практика
3,54,1.5,Исследования + практика
3,55,2.0,Аналитика + моделирование
3,56,2.0,Аналитика + моделирование
3,57,2.5,Исследования + продакшн
3,58,2.0,Аналитика + моделирование
3,59,2.0,Аналитика + моделирование
3,60,2.0,Аналитика + моделирование
3,61,1.5,Исследования + практика
3,62,1.5,Исследования + практика
3,63,2.5,Исследования + продакшн
3,64,2.5,Исследования + продакшн
3,65,2.5,Исследования + продакшн
3,66,2.5,Исследования + продакшн
3,67,2.0,Аналитика + моделирование
3,68,2.0,Аналитика + моделирование
3,69,2.0,Аналитика + моделирование
3,70,1.5,Исследования + практика
3,71,1.5,Исследования + практика
3,72,-1.0,Дублирование роли
3,73,-1.0,Дублирование роли
3,74,-1.0,Дублирование роли
3,75,-1.0,Дублирование роли
3,76,2.5,Исследования + продакшн
3,77,2.5,Исследования + продакшн
3,78,2.5,Исследования + продакшн
3,81,1.5,Исследования + практика
3,82,1.5,Исследования + практика
3,83,2.5,Исследования + продакшн
3,84,2.5,Исследования + продакшн
3,90,1.5,Исследования + практика
3,91,1.5,Исследования + практика
3,92,1.5,Исследования + практика
3,93,1.5,Исследования + практика
3,94,1.5,Исследования + практика
3,95,2.5,Исследования + продакшн
3,96,2.5,Исследования + продакшн
3,97,1.5,Data-driven архитектура
3,98,1.5,Data-driven архитектура
3,99,2.5,Исследования + продакшн
3,100,2.5,Исследования + продакшн
3,101,1.5,Исследования + практика
3,105,2.5,Исследования + продакшн
3,106,2.0,Аналитика + моделирование
3,107,2.0,Аналитика + моделирование
3,108,1.5,Data-driven архитектура
3,109,1.5,Data-driven архитектура
3,110,2.0,Аналитика + моделирование
3,111,2.0,Аналитика + моделирование
4,5,-1.0,Дублирование роли
4,6,-1.0,Дублирование роли
4,9,-1.0,Дублирование роли
4,10,-1.0,Дублирование роли
4,13,2.0,Аналитика + моделирование
4,14,2.0,Аналитика + моделирование
4,15,2.5,Исследования + продакшн
4,16,2.5,Исследования + продакшн
4,17,2.0,Аналитика + моделирование
4,18,2.0,Аналитика + моделирование
4,19,-1.0,Дублирование роли
4,20,-1.0,Дублирование роли
4,21,2.5,Исследования + продакшн
4,22,2.5,Исследования + продакшн
4,23,2.0,Аналитика + моделирование
4,24,2.0,Аналитика + моделирование
4,25,2.0,Аналитика + моделирование
4,26,2.0,Аналитика + моделирование
4,27,2.0,Аналитика + моделирование
4,28,2.0,Аналитика + моделирование
4,29,2.5,Исследования + продакшн
4,30,2.5,Исследования + продакшн
4,31,1.5,Исследования + практика
4,32,1.5,Исследования + практика
4,33,1.5,Исследования + практика
4,34,2.5,Исследования + продакшн
4,35,2.5,Исследования + продакшн
4,40,1.5,Data-driven архитектура
4,41,1.5,Data-driven архитектура
4,42,1.5,Исследования + практика
4,43,1.5,Исследования + практика
4,44,1.5,Исследования + практика
4,45,1.5,Исследования + практика
4,46,1.5,Data-driven архитектура
4,47,1.5,Data-driven архитектура
4,48,2.0,Аналитика + моделирование
4,49,2.0,Аналитика + моделирование
4,50,1.5,Исследования + практика
4,51,1.5,Исследования + практика
4,52,1.5,Исследования + практика
4,53,1.5,Исследования + практика
4,54,1.5,Исследования + практика
4,55,2.0,Аналитика + моделирование
4,56,2.0,Аналитика + моделирование
4,57,2.5,Исследования + продакшн
4,58,2.0,Аналитика + моделирование
4,59,2.0,Аналитика + моделирование
4,60,2.0,Аналитика + моделирование
4,61,1.5,Исследования + практика
4,62,1.5,Исследования + практика
4,63,2.5,Исследования + продакшн
4,64,2.5,Исследования + продакшн
4,65,2.5,Исследования + продакшн
4,66,2.5,Исследования + продакшн
4,67,2.0,Аналитика + моделирование
4,68,2.0,Аналитика + моделирование
4,69,2.0,Аналитика + моделирование
4,70,1.5,Исследования + практика
4,71,1.5,Исследования + практика
4,72,-1.0,Дублирование роли
4,73,-1.0,Дублирование роли
4,74,-1.0,Дублирование роли
4,75,-1.0,Дублирование роли
4,76,2.5,Исследования + продакшн
4,77,2.5,Исследования + продакшн
4,78,2.5,Исследования + продакшн
4,81,1.5,Исследования + практика
4,82,1.5,Исследования + практика
4,83,2.5,Исследования + продакшн
4,84,2.5,Исследования + продакшн
4,90,1.5,Исследования + практика
4,91,1.5,Исследования + практика
4,92,1.5,Исследования + практика
4,93,1.5,Исследования + практика
4,94,1.5,Исследования + практика
4,95,2.5,Исследования + продакшн
4,96,2.5,Исследования + продакшн
4,97,1.5,Data-driven архитектура
4,98,1.5,Data-driven архитектура
4,99,2.5,Исследования + продакшн
4,100,2.5,Исследования + продакшн
4,101,1.5,Исследования + практика
4,105,2.5,Исследования + продакшн
4,106,2.0,Аналитика + моделирование
4,107,2.0,Аналитика + моделирование
4,108,1.5,Data-driven архитектура
4,109,1.5,Data-driven архитектура
4,110,2.0,Аналитика + моделирование
4,111,2.0,Аналитика + моделирование
5,6,-1.0,Дублирование роли
5,9,-1.0,Дублирование роли
5,10,-1.0,Дублирование роли
5,13,2.0,Аналитика + моделирование
5,14,2.0,Аналитика + моделирование
5,15,2.5,Исследования + продакшн
5,16,2.5,Исследования + продакшн
5,17,2.0,Аналитика + моделирование
5,18,2.0,Аналитика + моделирование
5,19,-1.0,Дублирование роли
5,20,-1.0,Дублирование роли
5,21,2.5,Исследования + продакшн
5,22,2.5,Исследования + продакшн
5,23,2.0,Аналитика + моделирование
5,24,2.0,Аналитика + моделирование
5,25,2.0,Аналитика + моделирование
5,26,2.0,Аналитика + моделирование
5,27,2.0,Аналитика + моделирование
5,28,2.0,Аналитика + моделирование
5,29,2.5,Исследования + продакшн
5,30,2.5,Исследования + продакшн
5,31,1.5,Исследования + практика
5,32,1.5,Исследования + практика
5,33,1.5,Исследования + практика
5,34,2.5,Исследования + продакшн
5,35,2.5,Исследования + продакшн
5,40,1.5,Data-driven архитектура
5,41,1.5,Data-driven архитектура
5,42,1.5,Исследования + практика
5,43,1.5,Исследования + практика
5,44,1.5,Исследования + практика
5,45,1.5,Исследования + практика
5,46,1.5,Data-driven архитектура
5,47,1.5,Data-driven архитектура
5,48,2.0,Аналитика + моделирование
5,49,2.0,Аналитика + моделирование
5,50,1.5,Исследования + практика
5,51,1.5,Исследования + практика
5,52,1.5,Исследования + практика
5,53,1.5,Исследования + практика
5,54,1.5,Исследования + практика
5,55,2.0,Аналитика + моделирование
5,56,2.0,Аналитика + моделирование
5,57,2.5,Исследования + продакшн
5,58,2.0,Аналитика + моделирование
5,59,2.0,Аналитика + моделирование
5,60,2.0,Аналитика + моделирование
5,61,1.5,Исследования + практика
5,62,1.5,Исследования + практика
5,63,2.5,Исследования + продакшн
5,64,2.5,Исследования + продакшн
5,65,2.5,Исследования + продакшн
5,66,2.5,Исследования + продакшн
5,67,2.0,Аналитика + моделирование
5,68,2.0,Аналитика + моделирование
5,69,2.0,Аналитика + моделирование
5,70,1.5,Исследования + практика
5,71,1.5,Исследования + практика
5,72,-1.0,Дублирование роли
5,73,-1.0,Дублирование роли
5,74,-1.0,Дублирование роли
5,75,-1.0,Дублирование роли
5,76,2.5,Исследования + продакшн
5,77,2.5,Исследования + продакшн
5,78,2.5,Исследования + продакшн
5,81,1.5,Исследования + практика
5,82,1.5,Исследования + практика
5,83,2.5,Исследования + продакшн
5,84,2.5,Исследования + продакшн
5,90,1.5,Исследования + практика
5,91,1.5,Исследования + практика
5,92,1.5,Исследования + практика
5,93,1.5,Исследования + практика
5,94,1.5,Исследования + практика
5,95,2.5,Исследования + продакшн
5,96,2.5,Исследования + продакшн
5,97,1.5,Data-driven архитектура
5,98,1.5,Data-driven архитектура
5,99,2.5,Исследования + продакшн
5,100,2.5,Исследования + продакшн
5,101,1.5,Исследования + практика
5,105,2.5,Исследования + продакшн
5,106,2.0,Аналитика + моделирование
5,107,2.0,Аналитика + моделирование
5,108,1.5,Data-driven архитектура
5,109,1.5,Data-driven архитектура
5,110,2.0,Аналитика + моделирование
5,111,2.0,Аналитика + моделирование
6,9,-1.0,Дублирование роли
6,10,-1.0,Дублирование роли
6,13,2.0,Аналитика + моделирование
6,14,2.0,Аналитика + моделирование
6,15,2.5,Исследования + продакшн
6,16,2.5,Исследования + продакшн
6,17,2.0,Аналитика + моделирование
6,18,2.0,Аналитика + моделирование
6,19,-1.0,Дублирование роли
6,20,-1.0,Дублирование роли
6,21,2.5,Исследования + продакшн
6,22,2.5,Исследования + продакшн
6,23,2.0,Аналитика + моделирование
6,24,2.0,Аналитика + моделирование
6,25,2.0,Аналитика + моделирование
6,26,2.0,Аналитика + моделирование
6,27,2.0,Аналитика + моделирование
6,28,2.0,Аналитика + моделирование
6,29,2.5,Исследования + продакшн
6,30,2.5,Исследования + продакшн
6,31,1.5,Исследования + практика
6,32,1.5,Исследования + практика
6,33,1.5,Исследования + практика
6,34,2.5,Исследования + продакшн
6,35,2.5,Исследования + продакшн
6,40,1.5,Data-driven архитектура
6,41,1.5,Data-driven архитектура
6,42,1.5,Исследования + практика
6,43,1.5,Исследования + практика
6,44,1.5,Исследования + практика
6,45,1.5,Исследования + практика
6,46,1.5,Data-driven архитектура
6,47,1.5,Data-driven архитектура
6,48,2.0,Аналитика + моделирование
6,49,2.0,Аналитика + моделирование
6,50,1.5,Исследования + практика
6,51,1.5,Исследования + практика
6,52,1.5,Исследования + практика
6,53,1.5,Исследования + практика
6,54,1.5,Исследования + практика
6,55,2.0,Аналитика + моделирование
6,56,2.0,Аналитика + моделирование
6,57,2.5,Исследования + продакшн
6,58,2.0,Аналитика + моделирование
6,59,2.0,Аналитика + моделирование
6,60,2.0,Аналитика + моделирование
6,61,1.5,Исследования + практика
6,62,1.5,Исследования + практика
6,63,2.5,Исследования + продакшн
6,64,2.5,Исследования + продакшн
6,65,2.5,Исследования + продакшн
6,66,2.5,Исследования + продакшн
6,67,2.0,Аналитика + моделирование
6,68,2.0,Аналитика + моделирование
6,69,2.0,Аналитика + моделирование
6,70,1.5,Исследования + практика
6,71,1.5,Исследования + практика
6,72,-1.0,Дублирование роли
6,73,-1.0,Дублирование роли
6,74,-1.0,Дублирование роли
6,75,-1.0,Дублирование роли
6,76,2.5,Исследования + продакшн
6,77,2.5,Исследования + продакшн
6,78,2.5,Исследования + продакшн
6,81,1.5,Исследования + практика
6,82,1.5,Исследования + практика
6,83,2.5,Исследования + продакшн
6,84,2.5,Исследования + продакшн
6,90,1.5,Исследования + практика
6,91,1.5,Исследования + практика
6,92,1.5,Исследования + практика
6,93,1.5,Исследования + практика
6,94,1.5,Исследования + практика
6,95,2.5,Исследования + продакшн
6,96,2.5,Исследования + продакшн
6,97,1.5,Data-driven архитектура
6,98,1.5,Data-driven архитектура
6,99,2.5,Исследования + продакшн
6,100,2.5,Исследования + продакшн
6,101,1.5,Исследования + практика
6,105,2.5,Исследования + продакшн
6,106,2.0,Аналитика + моделирование
6,107,2.0,Аналитика + моделирование
6,108,1.5,Data-driven архитектура
6,109,1.5,Data-driven архитектура
6,110,2.0,Аналитика + моделирование
6,111,2.0,Аналитика + моделирование
7,8,-1.0,Дублирование роли
7,11,-1.0,Дублирование роли
7,12,-1.0,Дублирование роли
7,15,3.0,ML pipeline: данные + модели
7,16,3.0,ML pipeline: данные + модели
7,21,3.0,ML pipeline: данные + модели
7,22,3.0,ML pipeline: данные + модели
7,29,3.0,ML pipeline: данные + модели
7,30,3.0,ML pipeline: данные + модели
7,34,3.0,ML pipeline: данные + модели
7,35,3.0,ML pipeline: данные + модели
7,38,-1.0,Дублирование роли
7,39,-1.0,Дублирование роли
7,40,2.5,Data pipeline + архитектура
7,41,2.5,Data pipeline + архитектура
7,46,2.5,Data pipeline + архитектура
7,47,2.5,Data pipeline + архитектура
7,57,3.0,ML pipeline: данные + модели
7,63,3.0,ML pipeline: данные + модели
7,64,3.0,ML pipeline: данные + модели
7,65,3.0,ML pipeline: данные + модели
7,66,3.0,ML pipeline: данные + модели
7,76,3.0,ML pipeline: данные + модели
7,77,3.0,ML pipeline: данные + модели
7,78,3.0,ML pipeline: данные + модели
7,83,3.0,ML pipeline: данные + модели
7,84,3.0,ML pipeline: данные + модели
7,89,-1.0,Дублирование роли
7,95,3.0,ML pipeline: данные + модели
7,96,3.0,ML pipeline: данные + модели
7,97,2.5,Data pipeline + архитектура
7,98,2.5,Data pipeline + архитектура
7,99,3.0,ML pipeline: данные + модели
7,100,3.0,ML pipeline: данные + модели
7,102,-1.0,Дублирование роли
7,103,-1.0,Дублирование роли
7,104,-1.0,Дублирование роли
7,105,3.0,ML pipeline: данные + модели
7,108,2.5,Data pipeline + архитектура
7,109,2.5,Data pipeline + архитектура
8,11,-1.0,Дублирование роли
8,12,-1.0,Дублирование роли
8,15,3.0,ML pipeline: данные + модели
8,16,3.0,ML pipeline: данные + модели
8,21,3.0,ML pipeline: данные + модели
8,22,3.0,ML pipeline: данные + модели
8,29,3.0,ML pipeline: данные + модели
8,30,3.0,ML pipeline: данные + модели
8,34,3.0,ML pipeline: данные + модели
8,35,3.0,ML pipeline: данные + модели
8,38,-1.0,Дублирование роли
8,39,-1.0,Дублирование роли
8,40,2.5,Data pipeline + архитектура
8,41,2.5,Data pipeline + архитектура
8,46,2.5,Data pipeline + архитектура
8,47,2.5,Data pipeline + архитектура
8,57,3.0,ML pipeline: данные + модели
8,63,3.0,ML pipeline: данные + модели
8,64,3.0,ML pipeline: данные + модели
8,65,3.0,ML pipeline: данные + модели
8,66,3.0,ML pipeline: данные + модели
8,76,3.0,ML pipeline: данные + модели
8,77,3.0,ML pipeline: данные + модели
8,78,3.0,ML pipeline: данные + модели
8,83,3.0,ML pipeline: данные + модели
8,84,3.0,ML pipeline: данные + модели
8,89,-1.0,Дублирование роли
8,95,3.0,ML pipeline: данные + модели
8,96,3.0,ML pipeline: данные + модели
8,97,2.5,Data pipeline + архитектура
8,98,2.5,Data pipeline + архитектура
8,99,3.0,ML pipeline: данные + модели
8,100,3.0,ML pipeline: данные + модели
8,102,-1.0,Дублирование роли
8,103,-1.0,Дублирование роли
8,104,-1.0,Дублирование роли
8,105,3.0,ML pipeline: данные + модели
8,108,2.5,Data pipeline + архитектура
8,109,2.5,Data pipeline + архитектура
9,10,-1.0,Дублирование роли
9,13,2.0,Аналитика + моделирование
9,14,2.0,Аналитика + моделирование
9,15,2.5,Исследования + продакшн
9,16,2.5,Исследования + продакшн
9,17,2.0,Аналитика + моделирование
9,18,2.0,Аналитика + моделирование
9,19,-1.0,Дублирование роли
9,20,-1.0,Дублирование роли
9,21,2.5,Исследования + продакшн
9,22,2.5,Исследования + продакшн
9,23,2.0,Аналитика + моделирование
9,24,2.0,Аналитика + моделирование
9,25,2.0,Аналитика + моделирование
9,26,2.0,Аналитика + моделирование
9,27,2.0,Аналитика + моделирование
9,28,2.0,Аналитика + моделирование
9,29,2.5,Исследования + продакшн
9,30,2.5,Исследования + продакшн
9,31,1.5,Исследования + практика
9,32,1.5,Исследования + практика
9,33,1.5,Исследования + практика
9,34,2.5,Исследования + продакшн
9,35,2.5,Исследования + продакшн
9,40,1.5,Data-driven архитектура
9,41,1.5,Data-driven архитектура
9,42,1.5,Исследования + практика
9,43,1.5,Исследования + практика
9,44,1.5,Исследования + практика
9,45,1.5,Исследования + практика
9,46,1.5,Data-driven архитектура
9,47,1.5,Data-driven архитектура
9,48,2.0,Аналитика + моделирование
9,49,2.0,Аналитика + моделирование
9,50,1.5,Исследования + практика
9,51,1.5,Исследования + практика
9,52,1.5,Исследования + практика
9,53,1.5,Исследования + практика
9,54,1.5,Исследования + практика
9,55,2.0,Аналитика + моделирование
9,56,2.0,Аналитика + моделирование
9,57,2.5,Исследования + продакшн
9,58,2.0,Аналитика + моделирование
9,59,2.0,Аналитика + моделирование
9,60,2.0,Аналитика + моделирование
9,61,1.5,Исследования + практика
9,62,1.5,Исследования + практика
9,63,2.5,Исследования + продакшн
9,64,2.5,Исследования + продакшн
9,65,2.5,Исследования + продакшн
9,66,2.5,Исследования + продакшн
9,67,2.0,Аналитика + моделирование
9,68,2.0,Аналитика + моделирование
9,69,2.0,Аналитика + моделирование
9,70,1.5,Исследования + практика
9,71,1.5,Исследования + практика
9,72,-1.0,Дублирование роли
9,73,-1.0,Дублирование роли
9,74,-1.0,Дублирование роли
9,75,-1.0,Дублирование роли
9,76,2.5,Исследования + продакшн
9,77,2.5,Исследования + продакшн
9,78,2.5,Исследования + продакшн
9,81,1.5,Исследования + практика
9,82,1.5,Исследования + практика
9,83,2.5,Исследования + продакшн
9,84,2.5,Исследования + продакшн
9,90,1.5,Исследования + практика
9,91,1.5,Исследования + практика
9,92,1.5,Исследования + практика
9,93,1.5,Исследования + практика
9,94,1.5,Исследования + практика
9,95,2.5,Исследования + продакшн
9,96,2.5,Исследования + продакшн
9,97,1.5,Data-driven архитектура
9,98,1.5,Data-driven архитектура
9,99,2.5,Исследования + продакшн
9,100,2.5,Исследования + продакшн
9,101,1.5,Исследования + практика
9,105,2.5,Исследования + продакшн
9,106,2.0,Аналитика + моделирование
9,107,2.0,Аналитика + моделирование
9,108,1.5,Data-driven архитектура
9,109,1.5,Data-driven архитектура
9,110,2.0,Аналитика + моделирование
9,111,2.0,Аналитика + моделирование
10,13,2.0,Аналитика + моделирование
10,14,2.0,Аналитика + моделирование
10,15,2.5,Исследования + продакшн
10,16,2.5,Исследования + продакшн
10,17,2.0,Аналитика + моделирование
10,18,2.0,Аналитика + моделирование
10,19,-1.0,Дублирование роли
10,20,-1.0,Дублирование роли
10,21,2.5,Исследования + продакшн
10,22,2.5,Исследования + продакшн
10,23,2.0,Аналитика + моделирование
10,24,2.0,Аналитика + моделирование
10,25,2.0,Аналитика + моделирование
10,26,2.0,Аналитика + моделирование
10,27,2.0,Аналитика + моделирование
10,28,2.0,Аналитика + моделирование
10,29,2.5,Исследования + продакшн
10,30,2.5,Исследования + продакшн
10,31,1.5,Исследования + практика
10,32,1.5,Исследования + практика
10,33,1.5,Исследования + практика
10,34,2.5,Исследования + продакшн
10,35,2.5,Исследования + продакшн
10,40,1.5,Data-driven архитектура
10,41,1.5,Data-driven архитектура
10,42,1.5,Исследования + практика
10,43,1.5,Исследования + практика
10,44,1.5,Исследования + практика
10,45,1.5,Исследования + практика
10,46,1.5,Data-driven архитектура
10,47,1.5,Data-driven архитектура
10,48,2.0,Аналитика + моделирование
10,49,2.0,Аналитика + моделирование
10,50,1.5,Исследования + практика
10,51,1.5,Исследования + практика
10,52,1.5,Исследования + практика
10,53,1.5,Исследования + практика
10,54,1.5,Исследования + практика
10,55,2.0,Аналитика + моделирование
10,56,2.0,Аналитика + моделирование
10,57,2.5,Исследования + продакшн
10,58,2.0,Аналитика + моделирование
10,59,2.0,Аналитика + моделирование
10,60,2.0,Аналитика + моделирование
10,61,1.5,Исследования + практика
10,62,1.5,Исследования + практика
10,63,2.5,Исследования + продакшн
10,64,2.5,Исследования + продакшн
10,65,2.5,Исследования + продакшн
10,66,2.5,Исследования + продакшн
10,67,2.0,Аналитика + моделирование
10,68,2.0,Аналитика + моделирование
10,69,2.0,Аналитика + моделирование
10,70,1.5,Исследования + практика
10,71,1.5,Исследования + практика
10,72,-1.0,Дублирование роли
10,73,-1.0,Дублирование роли
10,74,-1.0,Дублирование роли
10,75,-1.0,Дублирование роли
10,76,2.5,Исследования + продакшн
10,77,2.5,Исследования + продакшн
10,78,2.5,Исследования + продакшн
10,81,1.5,Исследования + практика
10,82,1.5,Исследования + практика
10,83,2.5,Исследования + продакшн
10,84,2.5,Исследования + продакшн
10,90,1.5,Исследования + практика
10,91,1.5,Исследования + практика
10,92,1.5,Исследования + практика
10,93,1.5,Исследования + практика
10,94,1.5,Исследования + практика
10,95,2.5,Исследования + продакшн
10,96,2.5,Исследования + продакшн
10,97,1.5,Data-driven архитектура
10,98,1.5,Data-driven архитектура
10,99,2.5,Исследования + продакшн
10,100,2.5,Исследования + продакшн
10,101,1.5,Исследования + практика
10,105,2.5,Исследования + продакшн
10,106,2.0,Аналитика + моделирование
10,107,2.0,Аналитика + моделирование
10,108,1.5,Data-driven архитектура
10,109,1.5,Data-driven архитектура
10,110,2.0,Аналитика + моделирование
10,111,2.0,Аналитика + моделирование
11,12,-1.0,Дублирование роли
11,15,3.0,ML pipeline: данные + модели
11,16,3.0,ML pipeline: данные + модели
11,21,3.0,ML pipeline: данные + модели
11,22,3.0,ML pipeline: данные + модели
11,29,3.0,ML pipeline: данные + модели
11,30,3.0,ML pipeline: данные + модели
11,34,3.0,ML pipeline: данные + модели
11,35,3.0,ML pipeline: данные + модели
11,38,-1.0,Дублирование роли
11,39,-1.0,Дублирование роли
11,40,2.5,Data pipeline + архитектура
11,41,2.5,Data pipeline + архитектура
11,46,2.5,Data pipeline + архитектура
11,47,2.5,Data pipeline + архитектура
11,57,3.0,ML pipeline: данные + модели
11,63,3.0,ML pipeline: данные + модели
11,64,3.0,ML pipeline: данные + модели
11,65,3.0,ML pipeline: данные + модели
11,66,3.0,ML pipeline: данные + модели
11,76,3.0,ML pipeline: данные + модели
11,77,3.0,ML pipeline: данные + модели
11,78,3.0,ML pipeline: данные + модели
11,83,3.0,ML pipeline: данные + модели
11,84,3.0,ML pipeline: данные + модели
11,89,-1.0,Дублирование роли
11,95,3.0,ML pipeline: данные + модели
11,96,3.0,ML pipeline: данные + модели
11,97,2.5,Data pipeline + архитектура
11,98,2.5,Data pipeline + архитектура
11,99,3.0,ML pipeline: данные + модели
11,100,3.0,ML pipeline: данные + модели
11,102,-1.0,Дублирование роли
11,103,-1.0,Дублирование роли
11,104,-1.0,Дублирование роли
11,105,3.0,ML pipeline: данные + модели
11,108,2.5,Data pipeline + архитектура
11,109,2.5,Data pipeline + архитектура
12,15,3.0,ML pipeline: данные + модели
12,16,3.0,ML pipeline: данные + модели
12,21,3.0,ML pipeline: данные + модели
12,22,3.0,ML pipeline: данные + модели
12,29,3.0,ML pipeline: данные + модели
12,30,3.0,ML pipeline: данные + модели
12,34,3.0,ML pipeline: данные + модели
12,35,3.0,ML pipeline: данные + модели
12,38,-1.0,Дублирование роли
12,39,-1.0,Дублирование роли
12,40,2.5,Data pipeline + архитектура
12,41,2.5,Data pipeline + архитектура
12,46,2.5,Data pipeline + архитектура
12,47,2.5,Data pipeline + архитектура
12,57,3.0,ML pipeline: данные + модели
12,63,3.0,ML pipeline: данные + модели
12,64,3.0,ML pipeline: данные + модели
12,65,3.0,ML pipeline: данные + модели
12,66,3.0,ML pipeline: данные + модели
12,76,3.0,ML pipeline: данные + модели
12,77,3.0,ML pipeline: данные + модели
12,78,3.0,ML pipeline: данные + модели
12,83,3.0,ML pipeline: данные + модели
12,84,3.0,ML pipeline: данные + модели
12,89,-1.0,Дублирование роли
12,95,3.0,ML pipeline: данные + модели
12,96,3.0,ML pipeline: данные + модели
12,97,2.5,Data pipeline + архитектура
12,98,2.5,Data pipeline + архитектура
12,99,3.0,ML pipeline: данные + модели
12,100,3.0,ML pipeline: данные + модели
12,102,-1.0,Дублирование роли
12,103,-1.0,Дублирование роли
12,104,-1.0,Дублирование роли
12,105,3.0,ML pipeline: данные + модели
12,108,2.5,Data pipeline + архитектура
12,109,2.5,Data pipeline + архитектура
13,14,-1.0,Дублирование роли
13,17,-1.0,Дублирование роли
13,18,-1.0,Дублирование роли
13,19,2.0,Аналитика + моделирование
13,20,2.0,Аналитика + моделирование
13,23,-1.0,Дублирование роли
13,24,-1.0,Дублирование роли
13,27,-1.0,Дублирование роли
13,28,-1.0,Дублирование роли
13,48,-1.0,Дублирование роли
13,49,-1.0,Дублирование роли
13,60,-1.0,Дублирование роли
13,69,-1.0,Дублирование роли
13,72,2.0,Аналитика + моделирование
13,73,2.0,Аналитика + моделирование
13,74,2.0,Аналитика + моделирование
13,75,2.0,Аналитика + моделирование
14,17,-1.0,Дублирование роли
14,18,-1.0,Дублирование роли
14,19,2.0,Аналитика + моделирование
14,20,2.0,Аналитика + моделирование
14,23,-1.0,Дублирование роли
14,24,-1.0,Дублирование роли
14,27,-1.0,Дублирование роли
14,28,-1.0,Дублирование роли
14,48,-1.0,Дублирование роли
14,49,-1.0,Дублирование роли
14,60,-1.0,Дублирование роли
14,69,-1.0,Дублирование роли
14,72,2.0,Аналитика + моделирование
14,73,2.0,Аналитика + моделирование
14,74,2.0,Аналитика + моделирование
14,75,2.0,Аналитика + моделирование
15,16,-1.0,Дублирование роли
15,19,2.5,Исследования + продакшн
15,20,2.5,Исследования + продакшн
15,21,-1.0,Дублирование роли
15,22,-1.0,Дублирование роли
15,29,-1.0,Дублирование роли
15,30,-1.0,Дублирование роли
15,31,2.5,R&D → Engineering
15,32,2.5,R&D → Engineering
15,33,2.5,R&D → Engineering
15,34,-1.0,Дублирование роли
15,35,-1.0,Дублирование роли
15,36,2.5,AI + ML сильная синергия
15,37,2.5,AI + ML сильная синергия
15,38,3.0,ML pipeline: данные + модели
15,39,3.0,ML pipeline: данные + модели
15,40,1.5,Масштабируемая ML-система
15,41,1.5,Масштабируемая ML-система
15,42,2.5,R&D → Engineering
15,43,2.5,R&D → Engineering
15,44,2.5,R&D → Engineering
15,45,2.5,R&D → Engineering
15,46,1.5,Масштабируемая ML-система
15,47,1.5,Масштабируемая ML-система
15,50,2.5,R&D → Engineering
15,51,2.5,R&D → Engineering
15,52,2.5,R&D → Engineering
15,53,2.5,R&D → Engineering
15,54,2.5,R&D → Engineering
15,61,2.5,R&D → Engineering
15,62,2.5,R&D → Engineering
15,65,-1.0,Дублирование роли
15,66,-1.0,Дублирование роли
15,70,2.5,R&D → Engineering
15,71,2.5,R&D → Engineering
15,72,2.5,Исследования + продакшн
15,73,2.5,Исследования + продакшн
15,74,2.5,Исследования + продакшн
15,75,2.5,Исследования + продакшн
15,77,-1.0,Дублирование роли
15,78,-1.0,Дублирование роли
15,79,2.5,AI + ML сильная синергия
15,80,2.5,AI + ML сильная синергия
15,81,2.5,R&D → Engineering
15,82,2.5,R&D → Engineering
15,85,2.5,AI + ML сильная синергия
15,86,2.5,AI + ML сильная синергия
15,87,2.5,AI + ML сильная синергия
15,88,2.5,AI + ML сильная синергия
15,89,3.0,ML pipeline: данные + модели
15,90,2.5,R&D → Engineering
15,91,2.5,R&D → Engineering
15,92,2.5,R&D → Engineering
15,93,2.5,R&D → Engineering
15,94,2.5,R&D → Engineering
15,97,1.5,Масштабируемая ML-система
15,98,1.5,Масштабируемая ML-система
15,101,2.5,R&D → Engineering
15,102,3.0,ML pipeline: данные + модели
15,103,3.0,ML pipeline: данные + модели
15,104,3.0,ML pipeline: данные + модели
15,108,1.5,Масштабируемая ML-система
15,109,1.5,Масштабируемая ML-система
16,19,2.5,Исследования + продакшн
16,20,2.5,Исследования + продакшн
16,21,-1.0,Дублирование роли
16,22,-1.0,Дублирование роли
16,29,-1.0,Дублирование роли
16,30,-1.0,Дублирование роли
16,31,2.5,R&D → Engineering
16,32,2.5,R&D → Engineering
16,33,2.5,R&D → Engineering
16,34,-1.0,Дублирование роли
16,35,-1.0,Дублирование роли
16,36,2.5,AI + ML сильная синергия
16,37,2.5,AI + ML сильная синергия
16,38,3.0,ML pipeline: данные + модели
16,39,3.0,ML pipeline: данные + модели
16,40,1.5,Масштабируемая ML-система
16,41,1.5,Масштабируемая ML-система
16,42,2.5,R&D → Engineering
16,43,2.5,R&D → Engineering
16,44,2.5,R&D → Engineering
16,45,2.5,R&D → Engineering
16,46,1.5,Масштабируемая ML-система
16,47,1.5,Масштабируемая ML-система
16,50,2.5,R&D → Engineering
16,51,2.5,R&D → Engineering
16,52,2.5,R&D → Engineering
16,53,2.5,R&D → Engineering
16,54,2.5,R&D → Engineering
16,61,2.5,R&D → Engineering
16,62,2.5,R&D → Engineering
16,65,-1.0,Дублирование роли
16,66,-1.0,Дублирование роли
16,70,2.5,R&D → Engineering
16,71,2.5,R&D → Engineering
16,72,2.5,Исследования + продакшн
16,73,2.5,Исследования + продакшн
16,74,2.5,Исследования + продакшн
16,75,2.5,Исследования + продакшн
16,77,-1.0,Дублирование роли
16,78,-1.0,Дублирование роли
16,79,2.5,AI + ML сильная синергия
16,80,2.5,AI + ML сильная синергия
16,81,2.5,R&D → Engineering
16,82,2.5,R&D → Engineering
16,85,2.5,AI + ML сильная синергия
16,86,2.5,AI + ML сильная синергия
16,87,2.5,AI + ML сильная синергия
16,88,2.5,AI + ML сильная синергия
16,89,3.0,ML pipeline: данные + модели
16,90,2.5,R&D → Engineering
16,91,2.5,R&D → Engineering
16,92,2.5,R&D → Engineering
16,93,2.5,R&D → Engineering
16,94,2.5,R&D → Engineering
16,97,1.5,Масштабируемая ML-система
16,98,1.5,Масштабируемая ML-система
16,101,2.5,R&D → Engineering
16,102,3.0,ML pipeline: данные + модели
16,103,3.0,ML pipeline: данные + модели
16,104,3.0,ML pipeline: данные + модели
16,108,1.5,Масштабируемая ML-система
16,109,1.5,Масштабируемая ML-система
17,18,-1.0,Дублирование роли
17,19,2.0,Аналитика + моделирование
17,20,2.0,Аналитика + моделирование
17,23,-1.0,Дублирование роли
17,24,-1.0,Дублирование роли
17,27,-1.0,Дублирование роли
17,28,-1.0,Дублирование роли
17,48,-1.0,Дублирование роли
17,49,-1.0,Дублирование роли
17,60,-1.0,Дублирование роли
17,69,-1.0,Дублирование роли
17,72,2.0,Аналитика + моделирование
17,73,2.0,Аналитика + моделирование
17,74,2.0,Аналитика + моделирование
17,75,2.0,Аналитика + моделирование
18,19,2.0,Аналитика + моделирование
18,20,2.0,Аналитика + моделирование
18,23,-1.0,Дублирование роли
18,24,-1.0,Дублирование роли
18,27,-1.0,Дублирование роли
18,28,-1.0,Дублирование роли
18,48,-1.0,Дублирование роли
18,49,-1.0,Дублирование роли
18,60,-1.0,Дублирование роли
18,69,-1.0,Дублирование роли
18,72,2.0,Аналитика + моделирование
18,73,2.0,Аналитика + моделирование
18,74,2.0,Аналитика + моделирование
18,75,2.0,Аналитика + моделирование
19,20,-1.0,Дублирование роли
19,21,2.5,Исследования + продакшн
19,22,2.5,Исследования + продакшн
19,23,2.0,Аналитика + моделирование
19,24,2.0,Аналитика + моделирование
19,25,2.0,Аналитика + моделирование
19,26,2.0,Аналитика + моделирование
19,27,2.0,Аналитика + моделирование
19,28,2.0,Аналитика + моделирование
19,29,2.5,Исследования + продакшн
19,30,2.5,Исследования + продакшн
19,31,1.5,Исследования + практика
19,32,1.5,Исследования + практика
19,33,1.5,Исследования + практика
19,34,2.5,Исследования + продакшн
19,35,2.5,Исследования + продакшн
19,40,1.5,Data-driven архитектура
19,41,1.5,Data-driven архитектура
19,42,1.5,Исследования + практика
19,43,1.5,Исследования + практика
19,44,1.5,Исследования + практика
19,45,1.5,Исследования + практика
19,46,1.5,Data-driven архитектура
19,47,1.5,Data-driven архитектура
19,48,2.0,Аналитика + моделирование
19,49,2.0,Аналитика + моделирование
19,50,1.5,Исследования + практика
19,51,1.5,Исследования + практика
19,52,1.5,Исследования + практика
19,53,1.5,Исследования + практика
19,54,1.5,Исследования + практика
19,55,2.0,Аналитика + моделирование
19,56,2.0,Аналитика + моделирование
19,57,2.5,Исследования + продакшн
19,58,2.0,Аналитика + моделирование
19,59,2.0,Аналитика + моделирование
19,60,2.0,Аналитика + моделирование
19,61,1.5,Исследования + практика
19,62,1.5,Исследования + практика
19,63,2.5,Исследования + продакшн
19,64,2.5,Исследования + продакшн
19,65,2.5,Исследования + продакшн
19,66,2.5,Исследования + продакшн
19,67,2.0,Аналитика + моделирование
19,68,2.0,Аналитика + моделирование
19,69,2.0,Аналитика + моделирование
19,70,1.5,Исследования + практика
19,71,1.5,Исследования + практика
19,72,-1.0,Дублирование роли
19,73,-1.0,Дублирование роли
19,74,-1.0,Дублирование роли
19,75,-1.0,Дублирование роли
19,76,2.5,Исследования + продакшн
19,77,2.5,Исследования + продакшн
19,78,2.5,Исследования + продакшн
19,81,1.5,Исследования + практика
19,82,1.5,Исследования + практика
19,83,2.5,Исследования + продакшн
19,84,2.5,Исследования + продакшн
19,90,1.5,Исследования + практика
19,91,1.5,Исследования + практика
19,92,1.5,Исследования + практика
19,93,1.5,Исследования + практика
19,94,1.5,Исследования + практика
19,95,2.5,Исследования + продакшн
19,96,2.5,Исследования + продакшн
19,97,1.5,Data-driven архитектура
19,98,1.5,Data-driven архитектура
19,99,2.5,Исследования + продакшн
19,100,2.5,Исследования + продакшн
19,101,1.5,Исследования + практика
19,105,2.5,Исследования + продакшн
19,106,2.0,Аналитика + моделирование
19,107,2.0,Аналитика + моделирование
19,108,1.5,Data-driven архитектура
19,109,1.5,Data-driven архитектура
19,110,2.0,Аналитика + моделирование
19,111,2.0,Аналитика + моделирование
20,21,2.5,Исследования + продакшн
20,22,2.5,Исследования + продакшн
20,23,2.0,Аналитика + моделирование
20,24,2.0,Аналитика + моделирование
20,25,2.0,Аналитика + моделирование
20,26,2.0,Аналитика + моделирование
20,27,2.0,Аналитика + моделирование
20,28,2.0,Аналитика + моделирование
20,29,2.5,Исследования + продакшн
20,30,2.5,Исследования + продакшн
20,31,1.5,Исследования + практика
20,32,1.5,Исследования + практика
20,33,1.5,Исследования + практика
20,34,2.5,Исследования + продакшн
20,35,2.5,Исследования + продакшн
20,40,1.5,Data-driven архитектура
20,41,1.5,Data-driven архитектура
20,42,1.5,Исследования + практика
20,43,1.5,Исследования + практика
20,44,1.5,Исследования + практика
20,45,1.5,Исследования + практика
20,46,1.5,Data-driven архитектура
20,47,1.5,Data-driven архитектура
20,48,2.0,Аналитика + моделирование
20,49,2.0,Аналитика + моделирование
20,50,1.5,Исследования + практика
20,51,1.5,Исследования + практика
20,52,1.5,Исследования + практика
20,53,1.5,Исследования + практика
20,54,1.5,Исследования + практика
20,55,2.0,Аналитика + моделирование
20,56,2.0,Аналитика + моделирование
20,57,2.5,Исследования + продакшн
20,58,2.0,Аналитика + моделирование
20,59,2.0,Аналитика + моделирование
20,60,2.0,Аналитика + моделирование
20,61,1.5,Исследования + практика
20,62,1.5,Исследования + практика
20,63,2.5,Исследования + продакшн
20,64,2.5,Исследования + продакшн
20,65,2.5,Исследования + продакшн
20,66,2.5,Исследования + продакшн
20,67,2.0,Аналитика + моделирование
20,68,2.0,Аналитика + моделирование
20,69,2.0,Аналитика + моделирование
20,70,1.5,Исследования + практика
20,71,1.5,Исследования + практика
20,72,-1.0,Дублирование роли
20,73,-1.0,Дублирование роли
20,74,-1.0,Дублирование роли
20,75,-1.0,Дублирование роли
20,76,2.5,Исследования + продакшн
20,77,2.5,Исследования + продакшн
20,78,2.5,Исследования + продакшн
20,81,1.5,Исследования + практика
20,82,1.5,Исследования + практика
20,83,2.5,Исследования + продакшн
20,84,2.5,Исследования + продакшн
20,90,1.5,Исследования + практика
20,91,1.5,Исследования + практика
20,92,1.5,Исследования + практика
20,93,1.5,Исследования + практика
20,94,1.5,Исследования + практика
20,95,2.5,Исследования + продакшн
20,96,2.5,Исследования + продакшн
20,97,1.5,Data-driven архитектура
20,98,1.5,Data-driven архитектура
20,99,2.5,Исследования + продакшн
20,100,2.5,Исследования + продакшн
20,101,1.5,Исследования + практика
20,105,2.5,Исследования + продакшн
20,106,2.0,Аналитика + моделирование
20,107,2.0,Аналитика + моделирование
20,108,1.5,Data-driven архитектура
20,109,1.5,Data-driven архитектура
20,110,2.0,Аналитика + моделирование
20,111,2.0,Аналитика + моделирование
21,22,-1.0,Дублирование роли
21,29,-1.0,Дублирование роли
21,30,-1.0,Дублирование роли
21,31,2.5,R&D → Engineering
21,32,2.5,R&D → Engineering
21,33,2.5,R&D → Engineering
21,34,-1.0,Дублирование роли
21,35,-1.0,Дублирование роли
21,36,2.5,AI + ML сильная синергия
21,37,2.5,AI + ML сильная синергия
21,38,3.0,ML pipeline: данные + модели
21,39,3.0,ML pipeline: данные + модели
21,40,1.5,Масштабируемая ML-система
21,41,1.5,Масштабируемая ML-система
21,42,2.5,R&D → Engineering
21,43,2.5,R&D → Engineering
21,44,2.5,R&D → Engineering
21,45,2.5,R&D → Engineering
21,46,1.5,Масштабируемая ML-система
21,47,1.5,Масштабируемая ML-система
21,50,2.5,R&D → Engineering
21,51,2.5,R&D → Engineering
21,52,2.5,R&D → Engineering
21,53,2.5,R&D → Engineering
21,54,2.5,R&D → Engineering
21,61,2.5,R&D → Engineering
21,62,2.5,R&D → Engineering
21,65,-1.0,Дублирование роли
21,66,-1.0,Дублирование роли
21,70,2.5,R&D → Engineering
21,71,2.5,R&D → Engineering
21,72,2.5,Исследования + продакшн
21,73,2.5,Исследования + продакшн
21,74,2.5,Исследования + продакшн
21,75,2.5,Исследования + продакшн
21,77,-1.0,Дублирование роли
21,78,-1.0,Дублирование роли
21,79,2.5,AI + ML сильная синергия
21,80,2.5,AI + ML сильная синергия
21,81,2.5,R&D → Engineering
21,82,2.5,R&D → Engineering
21,85,2.5,AI + ML сильная синергия
21,86,2.5,AI + ML сильная синергия
21,87,2.5,AI + ML сильная синергия
21,88,2.5,AI + ML сильная синергия
21,89,3.0,ML pipeline: данные + модели
21,90,2.5,R&D → Engineering
21,91,2.5,R&D → Engineering
21,92,2.5,R&D → Engineering
21,93,2.5,R&D → Engineering
21,94,2.5,R&D → Engineering
21,97,1.5,Масштабируемая ML-система
21,98,1.5,Масштабируемая ML-система
21,101,2.5,R&D → Engineering
21,102,3.0,ML pipeline: данные + модели
21,103,3.0,ML pipeline: данные + модели
21,104,3.0,ML pipeline: данные + модели
21,108,1.5,Масштабируемая ML-система
21,109,1.5,Масштабируемая ML-система
22,29,-1.0,Дублирование роли
22,30,-1.0,Дублирование роли
22,31,2.5,R&D → Engineering
22,32,2.5,R&D → Engineering
22,33,2.5,R&D → Engineering
22,34,-1.0,Дублирование роли
22,35,-1.0,Дублирование роли
22,36,2.5,AI + ML сильная синергия
22,37,2.5,AI + ML сильная синергия
22,38,3.0,ML pipeline: данные + модели
22,39,3.0,ML pipeline: данные + модели
22,40,1.5,Масштабируемая ML-система
22,41,1.5,Масштабируемая ML-система
22,42,2.5,R&D → Engineering
22,43,2.5,R&D → Engineering
22,44,2.5,R&D → Engineering
22,45,2.5,R&D → Engineering
22,46,1.5,Масштабируемая ML-система
22,47,1.5,Масштабируемая ML-система
22,50,2.5,R&D → Engineering
22,51,2.5,R&D → Engineering
22,52,2.5,R&D → Engineering
22,53,2.5,R&D → Engineering
22,54,2.5,R&D → Engineering
22,61,2.5,R&D → Engineering
22,62,2.5,R&D → Engineering
22,65,-1.0,Дублирование роли
22,66,-1.0,Дублирование роли
22,70,2.5,R&D → Engineering
22,71,2.5,R&D → Engineering
22,72,2.5,Исследования + продакшн
22,73,2.5,Исследования + продакшн
22,74,2.5,Исследования + продакшн
22,75,2.5,Исследования + продакшн
22,77,-1.0,Дублирование роли
22,78,-1.0,Дублирование роли
22,79,2.5,AI + ML сильная синергия
22,80,2.5,AI + ML сильная синергия
22,81,2.5,R&D → Engineering
22,82,2.5,R&D → Engineering
22,85,2.5,AI + ML сильная синергия
22,86,2.5,AI + ML сильная синергия
22,87,2.5,AI + ML сильная синергия
22,88,2.5,AI + ML сильная синергия
22,89,3.0,ML pipeline: данные + модели
22,90,2.5,R&D → Engineering
22,91,2.5,R&D → Engineering
22,92,2.5,R&D → Engineering
22,93,2.5,R&D → Engineering
22,94,2.5,R&D → Engineering
22,97,1.5,Масштабируемая ML-система
22,98,1.5,Масштабируемая ML-система
22,101,2.5,R&D → Engineering
22,102,3.0,ML pipeline: данные + модели
22,103,3.0,ML pipeline: данные + модели
22,104,3.0,ML pipeline: данные + модели
22,108,1.5,Масштабируемая ML-система
22,109,1.5,Масштабируемая ML-система
23,24,-1.0,Дублирование роли
23,27,-1.0,Дублирование роли
23,28,-1.0,Дублирование роли
23,48,-1.0,Дублирование роли
23,49,-1.0,Дублирование роли
23,60,-1.0,Дублирование роли
23,69,-1.0,Дублирование роли
23,72,2.0,Аналитика + моделирование
23,73,2.0,Аналитика + моделирование
23,74,2.0,Аналитика + моделирование
23,75,2.0,Аналитика + моделирование
24,27,-1.0,Дублирование роли
24,28,-1.0,Дублирование роли
24,48,-1.0,Дублирование роли
24,49,-1.0,Дублирование роли
24,60,-1.0,Дублирование роли
24,69,-1.0,Дублирование роли
24,72,2.0,Аналитика + моделирование
24,73,2.0,Аналитика + моделирование
24,74,2.0,Аналитика + моделирование
24,75,2.0,Аналитика + моделирование
25,26,-1.0,Дублирование роли
25,55,-1.0,Дублирование роли
25,56,-1.0,Дублирование роли
25,58,-1.0,Дублирование роли
25,59,-1.0,Дублирование роли
25,67,-1.0,Дублирование роли
25,68,-1.0,Дублирование роли
25,72,2.0,Аналитика + моделирование
25,73,2.0,Аналитика + моделирование
25,74,2.0,Аналитика + моделирование
25,75,2.0,Аналитика + моделирование
25,106,-1.0,Дублирование роли
25,107,-1.0,Дублирование роли
25,110,-1.0,Дублирование роли
25,111,-1.0,Дублирование роли
26,55,-1.0,Дублирование роли
26,56,-1.0,Дублирование роли
26,58,-1.0,Дублирование роли
26,59,-1.0,Дублирование роли
26,67,-1.0,Дублирование роли
26,68,-1.0,Дублирование роли
26,72,2.0,Аналитика + моделирование
26,73,2.0,Аналитика + моделирование
26,74,2.0,Аналитика + моделирование
26,75,2.0,Аналитика + моделирование
26,106,-1.0,Дублирование роли
26,107,-1.0,Дублирование роли
26,110,-1.0,Дублирование роли
26,111,-1.0,Дублирование роли
27,28,-1.0,Дублирование роли
27,48,-1.0,Дублирование роли
27,49,-1.0,Дублирование роли
27,60,-1.0,Дублирование роли
27,69,-1.0,Дублирование роли
27,72,2.0,Аналитика + моделирование
27,73,2.0,Аналитика + моделирование
27,74,2.0,Аналитика + моделирование
27,75,2.0,Аналитика + моделирование
28,48,-1.0,Дублирование роли
28,49,-1.0,Дублирование роли
28,60,-1.0,Дублирование роли
28,69,-1.0,Дублирование роли
28,72,2.0,Аналитика + моделирование
28,73,2.0,Аналитика + моделирование
28,74,2.0,Аналитика + моделирование
28,75,2.0,Аналитика + моделирование
29,30,-1.0,Дублирование роли
29,31,2.5,R&D → Engineering
29,32,2.5,R&D → Engineering
29,33,2.5,R&D → Engineering
29,34,-1.0,Дублирование роли
29,35,-1.0,Дублирование роли
29,36,2.5,AI + ML сильная синергия
29,37,2.5,AI + ML сильная синергия
29,38,3.0,ML pipeline: данные + модели
29,39,3.0,ML pipeline: данные + модели
29,40,1.5,Масштабируемая ML-система
29,41,1.5,Масштабируемая ML-система
29,42,2.5,R&D → Engineering
29,43,2.5,R&D → Engineering
29,44,2.5,R&D → Engineering
29,45,2.5,R&D → Engineering
29,46,1.5,Масштабируемая ML-система
29,47,1.5,Масштабируемая ML-система
29,50,2.5,R&D → Engineering
29,51,2.5,R&D → Engineering
29,52,2.5,R&D → Engineering
29,53,2.5,R&D → Engineering
29,54,2.5,R&D → Engineering
29,61,2.5,R&D → Engineering
29,62,2.5,R&D → Engineering
29,65,-1.0,Дублирование роли
29,66,-1.0,Дублирование роли
29,70,2.5,R&D → Engineering
29,71,2.5,R&D → Engineering
29,72,2.5,Исследования + продакшн
29,73,2.5,Исследования + продакшн
29,74,2.5,Исследования + продакшн
29,75,2.5,Исследования + продакшн
29,77,-1.0,Дублирование роли
29,78,-1.0,Дублирование роли
29,79,2.5,AI + ML сильная синергия
29,80,2.5,AI + ML сильная синергия
29,81,2.5,R&D → Engineering
29,82,2.5,R&D → Engineering
29,85,2.5,AI + ML сильная синергия
29,86,2.5,AI + ML сильная синергия
29,87,2.5,AI + ML сильная синергия
29,88,2.5,AI + ML сильная синергия
29,89,3.0,ML pipeline: данные + модели
29,90,2.5,R&D → Engineering
29,91,2.5,R&D → Engineering
29,92,2.5,R&D → Engineering
29,93,2.5,R&D → Engineering
29,94,2.5,R&D → Engineering
29,97,1.5,Масштабируемая ML-система
29,98,1.5,Масштабируемая ML-система
29,101,2.5,R&D → Engineering
29,102,3.0,ML pipeline: данные + модели
29,103,3.0,ML pipeline: данные + модели
29,104,3.0,ML pipeline: данные + модели
29,108,1.5,Масштабируемая ML-система
29,109,1.5,Масштабируемая ML-система
30,31,2.5,R&D → Engineering
30,32,2.5,R&D → Engineering
30,33,2.5,R&D → Engineering
30,34,-1.0,Дублирование роли
30,35,-1.0,Дублирование роли
30,36,2.5,AI + ML сильная синергия
30,37,2.5,AI + ML сильная синергия
30,38,3.0,ML pipeline: данные + модели
30,39,3.0,ML pipeline: данные + модели
30,40,1.5,Масштабируемая ML-система
30,41,1.5,Масштабируемая ML-система
30,42,2.5,R&D → Engineering
30,43,2.5,R&D → Engineering
30,44,2.5,R&D → Engineering
30,45,2.5,R&D → Engineering
30,46,1.5,Масштабируемая ML-система
30,47,1.5,Масштабируемая ML-система
30,50,2.5,R&D → Engineering
30,51,2.5,R&D → Engineering
30,52,2.5,R&D → Engineering
30,53,2.5,R&D → Engineering
30,54,2.5,R&D → Engineering
30,61,2.5,R&D → Engineering
30,62,2.5,R&D → Engineering
30,65,-1.0,Дублирование роли
30,66,-1.0,Дублирование роли
30,70,2.5,R&D → Engineering
30,71,2.5,R&D → Engineering
30,72,2.5,Исследования + продакшн
30,73,2.5,Исследования + продакшн
30,74,2.5,Исследования + продакшн
30,75,2.5,Исследования + продакшн
30,77,-1.0,Дублирование роли
30,78,-1.0,Дублирование роли
30,79,2.5,AI + ML сильная синергия
30,80,2.5,AI + ML сильная синергия
30,81,2.5,R&D → Engineering
30,82,2.5,R&D → Engineering
30,85,2.5,AI + ML сильная синергия
30,86,2.5,AI + ML сильная синергия
30,87,2.5,AI + ML сильная синергия
30,88,2.5,AI + ML сильная синергия
30,89,3.0,ML pipeline: данные + модели
30,90,2.5,R&D → Engineering
30,91,2.5,R&D → Engineering
30,92,2.5,R&D → Engineering
30,93,2.5,R&D → Engineering
30,94,2.5,R&D → Engineering
30,97,1.5,Масштабируемая ML-система
30,98,1.5,Масштабируемая ML-система
30,101,2.5,R&D → Engineering
30,102,3.0,ML pipeline: данные + модели
30,103,3.0,ML pipeline: данные + модели
30,104,3.0,ML pipeline: данные + модели
30,108,1.5,Масштабируемая ML-система
30,109,1.5,Масштабируемая ML-система
31,32,-1.0,Дублирование роли
31,34,2.5,R&D → Engineering
31,35,2.5,R&D → Engineering
31,36,2.0,AI Research связка
31,37,2.0,AI Research связка
31,53,-1.0,Дублирование роли
31,54,-1.0,Дублирование роли
31,57,2.5,R&D → Engineering
31,61,-1.0,Дублирование роли
31,62,-1.0,Дублирование роли
31,63,2.5,R&D → Engineering
31,64,2.5,R&D → Engineering
31,65,2.5,R&D → Engineering
31,66,2.5,R&D → Engineering
31,70,-1.0,Дублирование роли
31,71,-1.0,Дублирование роли
31,72,1.5,Исследования + практика
31,73,1.5,Исследования + практика
31,74,1.5,Исследования + практика
31,75,1.5,Исследования + практика
31,76,2.5,R&D → Engineering
31,77,2.5,R&D → Engineering
31,78,2.5,R&D → Engineering
31,79,2.0,AI Research связка
31,80,2.0,AI Research связка
31,83,2.5,R&D → Engineering
31,84,2.5,R&D → Engineering
31,85,2.0,AI Research связка
31,86,2.0,AI Research связка
31,87,2.0,AI Research связка
31,88,2.0,AI Research связка
31,92,-1.0,Дублирование роли
31,93,-1.0,Дублирование роли
31,94,-1.0,Дублирование роли
31,95,2.5,R&D → Engineering
31,96,2.5,R&D → Engineering
31,99,2.5,R&D → Engineering
31,100,2.5,R&D → Engineering
31,101,-1.0,Дублирование роли
31,105,2.5,R&D → Engineering
32,34,2.5,R&D → Engineering
32,35,2.5,R&D → Engineering
32,36,2.0,AI Research связка
32,37,2.0,AI Research связка
32,53,-1.0,Дублирование роли
32,54,-1.0,Дублирование роли
32,57,2.5,R&D → Engineering
32,61,-1.0,Дублирование роли
32,62,-1.0,Дублирование роли
32,63,2.5,R&D → Engineering
32,64,2.5,R&D → Engineering
32,65,2.5,R&D → Engineering
32,66,2.5,R&D → Engineering
32,70,-1.0,Дублирование роли
32,71,-1.0,Дублирование роли
32,72,1.5,Исследования + практика
32,73,1.5,Исследования + практика
32,74,1.5,Исследования + практика
32,75,1.5,Исследования + практика
32,76,2.5,R&D → Engineering
32,77,2.5,R&D → Engineering
32,78,2.5,R&D → Engineering
32,79,2.0,AI Research связка
32,80,2.0,AI Research связка
32,83,2.5,R&D → Engineering
32,84,2.5,R&D → Engineering
32,85,2.0,AI Research связка
32,86,2.0,AI Research связка
32,87,2.0,AI Research связка
32,88,2.0,AI Research связка
32,92,-1.0,Дублирование роли
32,93,-1.0,Дублирование роли
32,94,-1.0,Дублирование роли
32,95,2.5,R&D → Engineering
32,96,2.5,R&D → Engineering
32,99,2.5,R&D → Engineering
32,100,2.5,R&D → Engineering
32,101,-1.0,Дублирование роли
32,105,2.5,R&D → Engineering
33,34,2.5,R&D → Engineering
33,35,2.5,R&D → Engineering
33,36,2.0,AI Research связка
33,37,2.0,AI Research связка
33,42,-1.0,Дублирование роли
33,43,-1.0,Дублирование роли
33,44,-1.0,Дублирование роли
33,45,-1.0,Дублирование роли
33,50,-1.0,Дублирование роли
33,51,-1.0,Дублирование роли
33,52,-1.0,Дублирование роли
33,57,2.5,R&D → Engineering
33,63,2.5,R&D → Engineering
33,64,2.5,R&D → Engineering
33,65,2.5,R&D → Engineering
33,66,2.5,R&D → Engineering
33,72,1.5,Исследования + практика
33,73,1.5,Исследования + практика
33,74,1.5,Исследования + практика
33,75,1.5,Исследования + практика
33,76,2.5,R&D → Engineering
33,77,2.5,R&D → Engineering
33,78,2.5,R&D → Engineering
33,79,2.0,AI Research связка
33,80,2.0,AI Research связка
33,81,-1.0,Дублирование роли
33,82,-1.0,Дублирование роли
33,83,2.5,R&D → Engineering
33,84,2.5,R&D → Engineering
33,85,2.0,AI Research связка
33,86,2.0,AI Research связка
33,87,2.0,AI Research связка
33,88,2.0,AI Research связка
33,90,-1.0,Дублирование роли
33,91,-1.0,Дублирование роли
33,95,2.5,R&D → Engineering
33,96,2.5,R&D → Engineering
33,99,2.5,R&D → Engineering
33,100,2.5,R&D → Engineering
33,105,2.5,R&D → Engineering
34,35,-1.0,Дублирование роли
34,36,2.5,AI + ML сильная синергия
34,37,2.5,AI + ML сильная синергия
34,38,3.0,ML pipeline: данные + модели
34,39,3.0,ML pipeline: данные + модели
34,40,1.5,Масштабируемая ML-система
34,41,1.5,Масштабируемая ML-система
34,42,2.5,R&D → Engineering
34,43,2.5,R&D → Engineering
34,44,2.5,R&D → Engineering
34,45,2.5,R&D → Engineering
34,46,1.5,Масштабируемая ML-система
34,47,1.5,Масштабируемая ML-система
34,50,2.5,R&D → Engineering
34,51,2.5,R&D → Engineering
34,52,2.5,R&D → Engineering
34,53,2.5,R&D → Engineering
34,54,2.5,R&D → Engineering
34,61,2.5,R&D → Engineering
34,62,2.5,R&D → Engineering
34,65,-1.0,Дублирование роли
34,66,-1.0,Дублирование роли
34,70,2.5,R&D → Engineering
34,71,2.5,R&D → Engineering
34,72,2.5,Исследования + продакшн
34,73,2.5,Исследования + продакшн
34,74,2.5,Исследования + продакшн
34,75,2.5,Исследования + продакшн
34,77,-1.0,Дублирование роли
34,78,-1.0,Дублирование роли
34,79,2.5,AI + ML сильная синергия
34,80,2.5,AI + ML сильная синергия
34,81,2.5,R&D → Engineering
34,82,2.5,R&D → Engineering
34,85,2.5,AI + ML сильная синергия
34,86,2.5,AI + ML сильная синергия
34,87,2.5,AI + ML сильная синергия
34,88,2.5,AI + ML сильная синергия
34,89,3.0,ML pipeline: данные + модели
34,90,2.5,R&D → Engineering
34,91,2.5,R&D → Engineering
34,92,2.5,R&D → Engineering
34,93,2.5,R&D → Engineering
34,94,2.5,R&D → Engineering
34,97,1.5,Масштабируемая ML-система
34,98,1.5,Масштабируемая ML-система
34,101,2.5,R&D → Engineering
34,102,3.0,ML pipeline: данные + модели
34,103,3.0,ML pipeline: данные + модели
34,104,3.0,ML pipeline: данные + модели
34,108,1.5,Масштабируемая ML-система
34,109,1.5,Масштабируемая ML-система
35,36,2.5,AI + ML сильная синергия
35,37,2.5,AI + ML сильная синергия
35,38,3.0,ML pipeline: данные + модели
35,39,3.0,ML pipeline: данные + модели
35,40,1.5,Масштабируемая ML-система
35,41,1.5,Масштабируемая ML-система
35,42,2.5,R&D → Engineering
35,43,2.5,R&D → Engineering
35,44,2.5,R&D → Engineering
35,45,2.5,R&D → Engineering
35,46,1.5,Масштабируемая ML-система
35,47,1.5,Масштабируемая ML-система
35,50,2.5,R&D → Engineering
35,51,2.5,R&D → Engineering
35,52,2.5,R&D → Engineering
35,53,2.5,R&D → Engineering
35,54,2.5,R&D → Engineering
35,61,2.5,R&D → Engineering
35,62,2.5,R&D → Engineering
35,65,-1.0,Дублирование роли
35,66,-1.0,Дублирование роли
35,70,2.5,R&D → Engineering
35,71,2.5,R&D → Engineering
35,72,2.5,Исследования + продакшн
35,73,2.5,Исследования + продакшн
35,74,2.5,Исследования + продакшн
35,75,2.5,Исследования + продакшн
35,77,-1.0,Дублирование роли
35,78,-1.0,Дублирование роли
35,79,2.5,AI + ML сильная синергия
35,80,2.5,AI + ML сильная синергия
35,81,2.5,R&D → Engineering
35,82,2.5,R&D → Engineering
35,85,2.5,AI + ML сильная синергия
35,86,2.5,AI + ML сильная синергия
35,87,2.5,AI + ML сильная синергия
35,88,2.5,AI + ML сильная синергия
35,89,3.0,ML pipeline: данные + модели
35,90,2.5,R&D → Engineering
35,91,2.5,R&D → Engineering
35,92,2.5,R&D → Engineering
35,93,2.5,R&D → Engineering
35,94,2.5,R&D → Engineering
35,97,1.5,Масштабируемая ML-система
35,98,1.5,Масштабируемая ML-система
35,101,2.5,R&D → Engineering
35,102,3.0,ML pipeline: данные + модели
35,103,3.0,ML pipeline: данные + модели
35,104,3.0,ML pipeline: данные + модели
35,108,1.5,Масштабируемая ML-система
35,109,1.5,Масштабируемая ML-система
36,37,-1.0,Дублирование роли
36,42,2.0,AI Research связка
36,43,2.0,AI Research связка
36,44,2.0,AI Research связка
36,45,2.0,AI Research связка
36,50,2.0,AI Research связка
36,51,2.0,AI Research связка
36,52,2.0,AI Research связка
36,53,2.0,AI Research связка
36,54,2.0,AI Research связка
36,57,2.5,AI + ML сильная синергия
36,61,2.0,AI Research связка
36,62,2.0,AI Research связка
36,63,2.5,AI + ML сильная синергия
36,64,2.5,AI + ML сильная синергия
36,65,2.5,AI + ML сильная синергия
36,66,2.5,AI + ML сильная синергия
36,70,2.0,AI Research связка
36,71,2.0,AI Research связка
36,76,2.5,AI + ML сильная синергия
36,77,2.5,AI + ML сильная синергия
36,78,2.5,AI + ML сильная синергия
36,79,-1.0,Дублирование роли
36,80,-1.0,Дублирование роли
36,81,2.0,AI Research связка
36,82,2.0,AI Research связка
36,83,2.5,AI + ML сильная синергия
36,84,2.5,AI + ML сильная синергия
36,85,-1.0,Дублирование роли
36,86,-1.0,Дублирование роли
36,87,-1.0,Дублирование роли
36,88,-1.0,Дублирование роли
36,90,2.0,AI Research связка
36,91,2.0,AI Research связка
36,92,2.0,AI Research связка
36,93,2.0,AI Research связка
36,94,2.0,AI Research связка
36,95,2.5,AI + ML сильная синергия
36,96,2.5,AI + ML сильная синергия
36,99,2.5,AI + ML сильная синергия
36,100,2.5,AI + ML сильная синергия
36,101,2.0,AI Research связка
36,105,2.5,AI + ML сильная синергия
37,42,2.0,AI Research связка
37,43,2.0,AI Research связка
37,44,2.0,AI Research связка
37,45,2.0,AI Research связка
37,50,2.0,AI Research связка
37,51,2.0,AI Research связка
37,52,2.0,AI Research связка
37,53,2.0,AI Research связка
37,54,2.0,AI Research связка
37,57,2.5,AI + ML сильная синергия
37,61,2.0,AI Research связка
37,62,2.0,AI Research связка
37,63,2.5,AI + ML сильная синергия
37,64,2.5,AI + ML сильная синергия
37,65,2.5,AI + ML сильная синергия
37,66,2.5,AI + ML сильная синергия
37,70,2.0,AI Research связка
37,71,2.0,AI Research связка
37,76,2.5,AI + ML сильная синергия
37,77,2.5,AI + ML сильная синергия
37,78,2.5,AI + ML сильная синергия
37,79,-1.0,Дублирование роли
37,80,-1.0,Дублирование роли
37,81,2.0,AI Research связка
37,82,2.0,AI Research связка
37,83,2.5,AI + ML сильная синергия
37,84,2.5,AI + ML сильная синергия
37,85,-1.0,Дублирование роли
37,86,-1.0,Дублирование роли
37,87,-1.0,Дублирование роли
37,88,-1.0,Дублирование роли
37,90,2.0,AI Research связка
37,91,2.0,AI Research связка
37,92,2.0,AI Research связка
37,93,2.0,AI Research связка
37,94,2.0,AI Research связка
37,95,2.5,AI + ML сильная синергия
37,96,2.5,AI + ML сильная синергия
37,99,2.5,AI + ML сильная синергия
37,100,2.5,AI + ML сильная синергия
37,101,2.0,AI Research связка
37,105,2.5,AI + ML сильная синергия
38,39,-1.0,Дублирование роли
38,40,2.5,Data pipeline + архитектура
38,41,2.5,Data pipeline + архитектура
38,46,2.5,Data pipeline + архитектура
38,47,2.5,Data pipeline + архитектура
38,57,3.0,ML pipeline: данные + модели
38,63,3.0,ML pipeline: данные + модели
38,64,3.0,ML pipeline: данные + модели
38,65,3.0,ML pipeline: данные + модели
38,66,3.0,ML pipeline: данные + модели
38,76,3.0,ML pipeline: данные + модели
38,77,3.0,ML pipeline: данные + модели
38,78,3.0,ML pipeline: данные + модели
38,83,3.0,ML pipeline: данные + модели
38,84,3.0,ML pipeline: данные + модели
38,89,-1.0,Дублирование роли
38,95,3.0,ML pipeline: данные + модели
38,96,3.0,ML pipeline: данные + модели
38,97,2.5,Data pipeline + архитектура
38,98,2.5,Data pipeline + архитектура
38,99,3.0,ML pipeline: данные + модели
38,100,3.0,ML pipeline: данные + модели
38,102,-1.0,Дублирование роли
38,103,-1.0,Дублирование роли
38,104,-1.0,Дублирование роли
38,105,3.0,ML pipeline: данные + модели
38,108,2.5,Data pipeline + архитектура
38,109,2.5,Data pipeline + архитектура
39,40,2.5,Data pipeline + архитектура
39,41,2.5,Data pipeline + архитектура
39,46,2.5,Data pipeline + архитектура
39,47,2.5,Data pipeline + архитектура
39,57,3.0,ML pipeline: данные + модели
39,63,3.0,ML pipeline: данные + модели
39,64,3.0,ML pipeline: данные + модели
39,65,3.0,ML pipeline: данные + модели
39,66,3.0,ML pipeline: данные + модели
39,76,3.0,ML pipeline: данные + модели
39,77,3.0,ML pipeline: данные + модели
39,78,3.0,ML pipeline: данные + модели
39,83,3.0,ML pipeline: данные + модели
39,84,3.0,ML pipeline: данные + модели
39,89,-1.0,Дублирование роли
39,95,3.0,ML pipeline: данные + модели
39,96,3.0,ML pipeline: данные + модели
39,97,2.5,Data pipeline + архитектура
39,98,2.5,Data pipeline + архитектура
39,99,3.0,ML pipeline: данные + модели
39,100,3.0,ML pipeline: данные + модели
39,102,-1.0,Дублирование роли
39,103,-1.0,Дублирование роли
39,104,-1.0,Дублирование роли
39,105,3.0,ML pipeline: данные + модели
39,108,2.5,Data pipeline + архитектура
39,109,2.5,Data pipeline + архитектура
40,41,-1.0,Дублирование роли
40,46,-1.0,Дублирование роли
40,47,-1.0,Дублирование роли
40,57,1.5,Масштабируемая ML-система
40,63,1.5,Масштабируемая ML-система
40,64,1.5,Масштабируемая ML-система
40,65,1.5,Масштабируемая ML-система
40,66,1.5,Масштабируемая ML-система
40,72,1.5,Data-driven архитектура
40,73,1.5,Data-driven архитектура
40,74,1.5,Data-driven архитектура
40,75,1.5,Data-driven архитектура
40,76,1.5,Масштабируемая ML-система
40,77,1.5,Масштабируемая ML-система
40,78,1.5,Масштабируемая ML-система
40,83,1.5,Масштабируемая ML-система
40,84,1.5,Масштабируемая ML-система
40,89,2.5,Data pipeline + архитектура
40,95,1.5,Масштабируемая ML-система
40,96,1.5,Масштабируемая ML-система
40,97,-1.0,Дублирование роли
40,98,-1.0,Дублирование роли
40,99,1.5,Масштабируемая ML-система
40,100,1.5,Масштабируемая ML-система
40,102,2.5,Data pipeline + архитектура
40,103,2.5,Data pipeline + архитектура
40,104,2.5,Data pipeline + архитектура
40,105,1.5,Масштабируемая ML-система
40,108,-1.0,Дублирование роли
40,109,-1.0,Дублирование роли
41,46,-1.0,Дублирование роли
41,47,-1.0,Дублирование роли
41,57,1.5,Масштабируемая ML-система
41,63,1.5,Масштабируемая ML-система
41,64,1.5,Масштабируемая ML-система
41,65,1.5,Масштабируемая ML-система
41,66,1.5,Масштабируемая ML-система
41,72,1.5,Data-driven архитектура
41,73,1.5,Data-driven архитектура
41,74,1.5,Data-driven архитектура
41,75,1.5,Data-driven архитектура
41,76,1.5,Масштабируемая ML-система
41,77,1.5,Масштабируемая ML-система
41,78,1.5,Масштабируемая ML-система
41,83,1.5,Масштабируемая ML-система
41,84,1.5,Масштабируемая ML-система
41,89,2.5,Data pipeline + архитектура
41,95,1.5,Масштабируемая ML-система
41,96,1.5,Масштабируемая ML-система
41,97,-1.0,Дублирование роли
41,98,-1.0,Дублирование роли
41,99,1.5,Масштабируемая ML-система
41,100,1.5,Масштабируемая ML-система
41,102,2.5,Data pipeline + архитектура
41,103,2.5,Data pipeline + архитектура
41,104,2.5,Data pipeline + архитектура
41,105,1.5,Масштабируемая ML-система
41,108,-1.0,Дублирование роли
41,109,-1.0,Дублирование роли
42,43,-1.0,Дублирование роли
42,44,-1.0,Дублирование роли
42,45,-1.0,Дублирование роли
42,50,-1.0,Дублирование роли
42,51,-1.0,Дублирование роли
42,52,-1.0,Дублирование роли
42,57,2.5,R&D → Engineering
42,63,2.5,R&D → Engineering
42,64,2.5,R&D → Engineering
42,65,2.5,R&D → Engineering
42,66,2.5,R&D → Engineering
42,72,1.5,Исследования + практика
42,73,1.5,Исследования + практика
42,74,1.5,Исследования + практика
42,75,1.5,Исследования + практика
42,76,2.5,R&D → Engineering
42,77,2.5,R&D → Engineering
42,78,2.5,R&D → Engineering
42,79,2.0,AI Research связка
42,80,2.0,AI Research связка
42,81,-1.0,Дублирование роли
42,82,-1.0,Дублирование роли
42,83,2.5,R&D → Engineering
42,84,2.5,R&D → Engineering
42,85,2.0,AI Research связка
42,86,2.0,AI Research связка
42,87,2.0,AI Research связка
42,88,2.0,AI Research связка
42,90,-1.0,Дублирование роли
42,91,-1.0,Дублирование роли
42,95,2.5,R&D → Engineering
42,96,2.5,R&D → Engineering
42,99,2.5,R&D → Engineering
42,100,2.5,R&D → Engineering
42,105,2.5,R&D → Engineering
43,44,-1.0,Дублирование роли
43,45,-1.0,Дублирование роли
43,50,-1.0,Дублирование роли
43,51,-1.0,Дублирование роли
43,52,-1.0,Дублирование роли
43,57,2.5,R&D → Engineering
43,63,2.5,R&D → Engineering
43,64,2.5,R&D → Engineering
43,65,2.5,R&D → Engineering
43,66,2.5,R&D → Engineering
43,72,1.5,Исследования + практика
43,73,1.5,Исследования + практика
43,74,1.5,Исследования + практика
43,75,1.5,Исследования + практика
43,76,2.5,R&D → Engineering
43,77,2.5,R&D → Engineering
43,78,2.5,R&D → Engineering
43,79,2.0,AI Research связка
43,80,2.0,AI Research связка
43,81,-1.0,Дублирование роли
43,82,-1.0,Дублирование роли
43,83,2.5,R&D → Engineering
43,84,2.5,R&D → Engineering
43,85,2.0,AI Research связка
43,86,2.0,AI Research связка
43,87,2.0,AI Research связка
43,88,2.0,AI Research связка
43,90,-1.0,Дублирование роли
43,91,-1.0,Дублирование роли
43,95,2.5,R&D → Engineering
43,96,2.5,R&D → Engineering
43,99,2.5,R&D → Engineering
43,100,2.5,R&D → Engineering
43,105,2.5,R&D → Engineering
44,45,-1.0,Дублирование роли
44,50,-1.0,Дублирование роли
44,51,-1.0,Дублирование роли
44,52,-1.0,Дублирование роли
44,57,2.5,R&D → Engineering
44,63,2.5,R&D → Engineering
44,64,2.5,R&D → Engineering
44,65,2.5,R&D → Engineering
44,66,2.5,R&D → Engineering
44,72,1.5,Исследования + практика
44,73,1.5,Исследования + практика
44,74,1.5,Исследования + практика
44,75,1.5,Исследования + практика
44,76,2.5,R&D → Engineering
44,77,2.5,R&D → Engineering
44,78,2.5,R&D → Engineering
44,79,2.0,AI Research связка
44,80,2.0,AI Research связка
44,81,-1.0,Дублирование роли
44,82,-1.0,Дублирование роли
44,83,2.5,R&D → Engineering
44,84,2.5,R&D → Engineering
44,85,2.0,AI Research связка
44,86,2.0,AI Research связка
44,87,2.0,AI Research связка
44,88,2.0,AI Research связка
44,90,-1.0,Дублирование роли
44,91,-1.0,Дублирование роли
44,95,2.5,R&D → Engineering
44,96,2.5,R&D → Engineering
44,99,2.5,R&D → Engineering
44,100,2.5,R&D → Engineering
44,105,2.5,R&D → Engineering
45,50,-1.0,Дублирование роли
45,51,-1.0,Дублирование роли
45,52,-1.0,Дублирование роли
45,57,2.5,R&D → Engineering
45,63,2.5,R&D → Engineering
45,64,2.5,R&D → Engineering
45,65,2.5,R&D → Engineering
45,66,2.5,R&D → Engineering
45,72,1.5,Исследования + практика
45,73,1.5,Исследования + практика
45,74,1.5,Исследования + практика
45,75,1.5,Исследования + практика
45,76,2.5,R&D → Engineering
45,77,2.5,R&D → Engineering
45,78,2.5,R&D → Engineering
45,79,2.0,AI Research связка
45,80,2.0,AI Research связка
45,81,-1.0,Дублирование роли
45,82,-1.0,Дублирование роли
45,83,2.5,R&D → Engineering
45,84,2.5,R&D → Engineering
45,85,2.0,AI Research связка
45,86,2.0,AI Research связка
45,87,2.0,AI Research связка
45,88,2.0,AI Research связка
45,90,-1.0,Дублирование роли
45,91,-1.0,Дублирование роли
45,95,2.5,R&D → Engineering
45,96,2.5,R&D → Engineering
45,99,2.5,R&D → Engineering
45,100,2.5,R&D → Engineering
45,105,2.5,R&D → Engineering
46,47,-1.0,Дублирование роли
46,57,1.5,Масштабируемая ML-система
46,63,1.5,Масштабируемая ML-система
46,64,1.5,Масштабируемая ML-система
46,65,1.5,Масштабируемая ML-система
46,66,1.5,Масштабируемая ML-система
46,72,1.5,Data-driven архитектура
46,73,1.5,Data-driven архитектура
46,74,1.5,Data-driven архитектура
46,75,1.5,Data-driven архитектура
46,76,1.5,Масштабируемая ML-система
46,77,1.5,Масштабируемая ML-система
46,78,1.5,Масштабируемая ML-система
46,83,1.5,Масштабируемая ML-система
46,84,1.5,Масштабируемая ML-система
46,89,2.5,Data pipeline + архитектура
46,95,1.5,Масштабируемая ML-система
46,96,1.5,Масштабируемая ML-система
46,97,-1.0,Дублирование роли
46,98,-1.0,Дублирование роли
46,99,1.5,Масштабируемая ML-система
46,100,1.5,Масштабируемая ML-система
46,102,2.5,Data pipeline + архитектура
46,103,2.5,Data pipeline + архитектура
46,104,2.5,Data pipeline + архитектура
46,105,1.5,Масштабируемая ML-система
46,108,-1.0,Дублирование роли
46,109,-1.0,Дублирование роли
47,57,1.5,Масштабируемая ML-система
47,63,1.5,Масштабируемая ML-система
47,64,1.5,Масштабируемая ML-система
47,65,1.5,Масштабируемая ML-система
47,66,1.5,Масштабируемая ML-система
47,72,1.5,Data-driven архитектура
47,73,1.5,Data-driven архитектура
47,74,1.5,Data-driven архитектура
47,75,1.5,Data-driven архитектура
47,76,1.5,Масштабируемая ML-система
47,77,1.5,Масштабируемая ML-система
47,78,1.5,Масштабируемая ML-система
47,83,1.5,Масштабируемая ML-система
47,84,1.5,Масштабируемая ML-система
47,89,2.5,Data pipeline + архитектура
47,95,1.5,Масштабируемая ML-система
47,96,1.5,Масштабируемая ML-система
47,97,-1.0,Дублирование роли
47,98,-1.0,Дублирование роли
47,99,1.5,Масштабируемая ML-система
47,100,1.5,Масштабируемая ML-система
47,102,2.5,Data pipeline + архитектура
47,103,2.5,Data pipeline + архитектура
47,104,2.5,Data pipeline + архитектура
47,105,1.5,Масштабируемая ML-система
47,108,-1.0,Дублирование роли
47,109,-1.0,Дублирование роли
48,49,-1.0,Дублирование роли
48,60,-1.0,Дублирование роли
48,69,-1.0,Дублирование роли
48,72,2.0,Аналитика + моделирование
48,73,2.0,Аналитика + моделирование
48,74,2.0,Аналитика + моделирование
48,75,2.0,Аналитика + моделирование
49,60,-1.0,Дублирование роли
49,69,-1.0,Дублирование роли
49,72,2.0,Аналитика + моделирование
49,73,2.0,Аналитика + моделирование
49,74,2.0,Аналитика + моделирование
49,75,2.0,Аналитика + моделирование
50,51,-1.0,Дублирование роли
50,52,-1.0,Дублирование роли
50,57,2.5,R&D → Engineering
50,63,2.5,R&D → Engineering
50,64,2.5,R&D → Engineering
50,65,2.5,R&D → Engineering
50,66,2.5,R&D → Engineering
50,72,1.5,Исследования + практика
50,73,1.5,Исследования + практика
50,74,1.5,Исследования + практика
50,75,1.5,Исследования + практика
50,76,2.5,R&D → Engineering
50,77,2.5,R&D → Engineering
50,78,2.5,R&D → Engineering
50,79,2.0,AI Research связка
50,80,2.0,AI Research связка
50,81,-1.0,Дублирование роли
50,82,-1.0,Дублирование роли
50,83,2.5,R&D → Engineering
50,84,2.5,R&D → Engineering
50,85,2.0,AI Research связка
50,86,2.0,AI Research связка
50,87,2.0,AI Research связка
50,88,2.0,AI Research связка
50,90,-1.0,Дублирование роли
50,91,-1.0,Дублирование роли
50,95,2.5,R&D → Engineering
50,96,2.5,R&D → Engineering
50,99,2.5,R&D → Engineering
50,100,2.5,R&D → Engineering
50,105,2.5,R&D → Engineering
51,52,-1.0,Дублирование роли
51,57,2.5,R&D → Engineering
51,63,2.5,R&D → Engineering
51,64,2.5,R&D → Engineering
51,65,2.5,R&D → Engineering
51,66,2.5,R&D → Engineering
51,72,1.5,Исследования + практика
51,73,1.5,Исследования + практика
51,74,1.5,Исследования + практика
51,75,1.5,Исследования + практика
51,76,2.5,R&D → Engineering
51,77,2.5,R&D → Engineering
51,78,2.5,R&D → Engineering
51,79,2.0,AI Research связка
51,80,2.0,AI Research связка
51,81,-1.0,Дублирование роли
51,82,-1.0,Дублирование роли
51,83,2.5,R&D → Engineering
51,84,2.5,R&D → Engineering
51,85,2.0,AI Research связка
51,86,2.0,AI Research связка
51,87,2.0,AI Research связка
51,88,2.0,AI Research связка
51,90,-1.0,Дублирование роли
51,91,-1.0,Дублирование роли
51,95,2.5,R&D → Engineering
51,96,2.5,R&D → Engineering
51,99,2.5,R&D → Engineering
51,100,2.5,R&D → Engineering
51,105,2.5,R&D → Engineering
52,57,2.5,R&D → Engineering
52,63,2.5,R&D → Engineering
52,64,2.5,R&D → Engineering
52,65,2.5,R&D → Engineering
52,66,2.5,R&D → Engineering
52,72,1.5,Исследования + практика
52,73,1.5,Исследования + практика
52,74,1.5,Исследования + практика
52,75,1.5,Исследования + практика
52,76,2.5,R&D → Engineering
52,77,2.5,R&D → Engineering
52,78,2.5,R&D → Engineering
52,79,2.0,AI Research связка
52,80,2.0,AI Research связка
52,81,-1.0,Дублирование роли
52,82,-1.0,Дублирование роли
52,83,2.5,R&D → Engineering
52,84,2.5,R&D → Engineering
52,85,2.0,AI Research связка
52,86,2.0,AI Research связка
52,87,2.0,AI Research связка
52,88,2.0,AI Research связка
52,90,-1.0,Дублирование роли
52,91,-1.0,Дублирование роли
52,95,2.5,R&D → Engineering
52,96,2.5,R&D → Engineering
52,99,2.5,R&D → Engineering
52,100,2.5,R&D → Engineering
52,105,2.5,R&D → Engineering
53,54,-1.0,Дублирование роли
53,57,2.5,R&D → Engineering
53,61,-1.0,Дублирование роли
53,62,-1.0,Дублирование роли
53,63,2.5,R&D → Engineering
53,64,2.5,R&D → Engineering
53,65,2.5,R&D → Engineering
53,66,2.5,R&D → Engineering
53,70,-1.0,Дублирование роли
53,71,-1.0,Дублирование роли
53,72,1.5,Исследования + практика
53,73,1.5,Исследования + практика
53,74,1.5,Исследования + практика
53,75,1.5,Исследования + практика
53,76,2.5,R&D → Engineering
53,77,2.5,R&D → Engineering
53,78,2.5,R&D → Engineering
53,79,2.0,AI Research связка
53,80,2.0,AI Research связка
53,83,2.5,R&D → Engineering
53,84,2.5,R&D → Engineering
53,85,2.0,AI Research связка
53,86,2.0,AI Research связка
53,87,2.0,AI Research связка
53,88,2.0,AI Research связка
53,92,-1.0,Дублирование роли
53,93,-1.0,Дублирование роли
53,94,-1.0,Дублирование роли
53,95,2.5,R&D → Engineering
53,96,2.5,R&D → Engineering
53,99,2.5,R&D → Engineering
53,100,2.5,R&D → Engineering
53,101,-1.0,Дублирование роли
53,105,2.5,R&D → Engineering
54,57,2.5,R&D → Engineering
54,61,-1.0,Дублирование роли
54,62,-1.0,Дублирование роли
54,63,2.5,R&D → Engineering
54,64,2.5,R&D → Engineering
54,65,2.5,R&D → Engineering
54,66,2.5,R&D → Engineering
54,70,-1.0,Дублирование роли
54,71,-1.0,Дублирование роли
54,72,1.5,Исследования + практика
54,73,1.5,Исследования + практика
54,74,1.5,Исследования + практика
54,75,1.5,Исследования + практика
54,76,2.5,R&D → Engineering
54,77,2.5,R&D → Engineering
54,78,2.5,R&D → Engineering
54,79,2.0,AI Research связка
54,80,2.0,AI Research связка
54,83,2.5,R&D → Engineering
54,84,2.5,R&D → Engineering
54,85,2.0,AI Research связка
54,86,2.0,AI Research связка
54,87,2.0,AI Research связка
54,88,2.0,AI Research связка
54,92,-1.0,Дублирование роли
54,93,-1.0,Дублирование роли
54,94,-1.0,Дублирование роли
54,95,2.5,R&D → Engineering
54,96,2.5,R&D → Engineering
54,99,2.5,R&D → Engineering
54,100,2.5,R&D → Engineering
54,101,-1.0,Дублирование роли
54,105,2.5,R&D → Engineering
55,56,-1.0,Дублирование роли
55,58,-1.0,Дублирование роли
55,59,-1.0,Дублирование роли
55,67,-1.0,Дублирование роли
55,68,-1.0,Дублирование роли
55,72,2.0,Аналитика + моделирование
55,73,2.0,Аналитика + моделирование
55,74,2.0,Аналитика + моделирование
55,75,2.0,Аналитика + моделирование
55,106,-1.0,Дублирование роли
55,107,-1.0,Дублирование роли
55,110,-1.0,Дублирование роли
55,111,-1.0,Дублирование роли
56,58,-1.0,Дублирование роли
56,59,-1.0,Дублирование роли
56,67,-1.0,Дублирование роли
56,68,-1.0,Дублирование роли
56,72,2.0,Аналитика + моделирование
56,73,2.0,Аналитика + моделирование
56,74,2.0,Аналитика + моделирование
56,75,2.0,Аналитика + моделирование
56,106,-1.0,Дублирование роли
56,107,-1.0,Дублирование роли
56,110,-1.0,Дублирование роли
56,111,-1.0,Дублирование роли
57,61,2.5,R&D → Engineering
57,62,2.5,R&D → Engineering
57,63,-1.0,Дублирование роли
57,64,-1.0,Дублирование роли
57,70,2.5,R&D → Engineering
57,71,2.5,R&D → Engineering
57,72,2.5,Исследования + продакшн
57,73,2.5,Исследования + продакшн
57,74,2.5,Исследования + продакшн
57,75,2.5,Исследования + продакшн
57,76,-1.0,Дублирование роли
57,79,2.5,AI + ML сильная синергия
57,80,2.5,AI + ML сильная синергия
57,81,2.5,R&D → Engineering
57,82,2.5,R&D → Engineering
57,83,-1.0,Дублирование роли
57,84,-1.0,Дублирование роли
57,85,2.5,AI + ML сильная синергия
57,86,2.5,AI + ML сильная синергия
57,87,2.5,AI + ML сильная синергия
57,88,2.5,AI + ML сильная синергия
57,89,3.0,ML pipeline: данные + модели
57,90,2.5,R&D → Engineering
57,91,2.5,R&D → Engineering
57,92,2.5,R&D → Engineering
57,93,2.5,R&D → Engineering
57,94,2.5,R&D → Engineering
57,95,-1.0,Дублирование роли
57,96,-1.0,Дублирование роли
57,97,1.5,Масштабируемая ML-система
57,98,1.5,Масштабируемая ML-система
57,99,-1.0,Дублирование роли
57,100,-1.0,Дублирование роли
57,101,2.5,R&D → Engineering
57,102,3.0,ML pipeline: данные + модели
57,103,3.0,ML pipeline: данные + модели
57,104,3.0,ML pipeline: данные + модели
57,105,-1.0,Дублирование роли
57,108,1.5,Масштабируемая ML-система
57,109,1.5,Масштабируемая ML-система
58,59,-1.0,Дублирование роли
58,67,-1.0,Дублирование роли
58,68,-1.0,Дублирование роли
58,72,2.0,Аналитика + моделирование
58,73,2.0,Аналитика + моделирование
58,74,2.0,Аналитика + моделирование
58,75,2.0,Аналитика + моделирование
58,106,-1.0,Дублирование роли
58,107,-1.0,Дублирование роли
58,110,-1.0,Дублирование роли
58,111,-1.0,Дублирование роли
59,67,-1.0,Дублирование роли
59,68,-1.0,Дублирование роли
59,72,2.0,Аналитика + моделирование
59,73,2.0,Аналитика + моделирование
59,74,2.0,Аналитика + моделирование
59,75,2.0,Аналитика + моделирование
59,106,-1.0,Дублирование роли
59,107,-1.0,Дублирование роли
59,110,-1.0,Дублирование роли
59,111,-1.0,Дублирование роли
60,69,-1.0,Дублирование роли
60,72,2.0,Аналитика + моделирование
60,73,2.0,Аналитика + моделирование
60,74,2.0,Аналитика + моделирование
60,75,2.0,Аналитика + моделирование
61,62,-1.0,Дублирование роли
61,63,2.5,R&D → Engineering
61,64,2.5,R&D → Engineering
61,65,2.5,R&D → Engineering
61,66,2.5,R&D → Engineering
61,70,-1.0,Дублирование роли
61,71,-1.0,Дублирование роли
61,72,1.5,Исследования + практика
61,73,1.5,Исследования + практика
61,74,1.5,Исследования + практика
61,75,1.5,Исследования + практика
61,76,2.5,R&D → Engineering
61,77,2.5,R&D → Engineering
61,78,2.5,R&D → Engineering
61,79,2.0,AI Research связка
61,80,2.0,AI Research связка
61,83,2.5,R&D → Engineering
61,84,2.5,R&D → Engineering
61,85,2.0,AI Research связка
61,86,2.0,AI Research связка
61,87,2.0,AI Research связка
61,88,2.0,AI Research связка
61,92,-1.0,Дублирование роли
61,93,-1.0,Дублирование роли
61,94,-1.0,Дублирование роли
61,95,2.5,R&D → Engineering
61,96,2.5,R&D → Engineering
61,99,2.5,R&D → Engineering
61,100,2.5,R&D → Engineering
61,101,-1.0,Дублирование роли
61,105,2.5,R&D → Engineering
62,63,2.5,R&D → Engineering
62,64,2.5,R&D → Engineering
62,65,2.5,R&D → Engineering
62,66,2.5,R&D → Engineering
62,70,-1.0,Дублирование роли
62,71,-1.0,Дублирование роли
62,72,1.5,Исследования + практика
62,73,1.5,Исследования + практика
62,74,1.5,Исследования + практика
62,75,1.5,Исследования + практика
62,76,2.5,R&D → Engineering
62,77,2.5,R&D → Engineering
62,78,2.5,R&D → Engineering
62,79,2.0,AI Research связка
62,80,2.0,AI Research связка
62,83,2.5,R&D → Engineering
62,84,2.5,R&D → Engineering
62,85,2.0,AI Research связка
62,86,2.0,AI Research связка
62,87,2.0,AI Research связка
62,88,2.0,AI Research связка
62,92,-1.0,Дублирование роли
62,93,-1.0,Дублирование роли
62,94,-1.0,Дублирование роли
62,95,2.5,R&D → Engineering
62,96,2.5,R&D → Engineering
62,99,2.5,R&D → Engineering
62,100,2.5,R&D → Engineering
62,101,-1.0,Дублирование роли
62,105,2.5,R&D → Engineering
63,64,-1.0,Дублирование роли
63,70,2.5,R&D → Engineering
63,71,2.5,R&D → Engineering
63,72,2.5,Исследования + продакшн
63,73,2.5,Исследования + продакшн
63,74,2.5,Исследования + продакшн
63,75,2.5,Исследования + продакшн
63,76,-1.0,Дублирование роли
63,79,2.5,AI + ML сильная синергия
63,80,2.5,AI + ML сильная синергия
63,81,2.5,R&D → Engineering
63,82,2.5,R&D → Engineering
63,83,-1.0,Дублирование роли
63,84,-1.0,Дублирование роли
63,85,2.5,AI + ML сильная синергия
63,86,2.5,AI + ML сильная синергия
63,87,2.5,AI + ML сильная синергия
63,88,2.5,AI + ML сильная синергия
63,89,3.0,ML pipeline: данные + модели
63,90,2.5,R&D → Engineering
63,91,2.5,R&D → Engineering
63,92,2.5,R&D → Engineering
63,93,2.5,R&D → Engineering
63,94,2.5,R&D → Engineering
63,95,-1.0,Дублирование роли
63,96,-1.0,Дублирование роли
63,97,1.5,Масштабируемая ML-система
63,98,1.5,Масштабируемая ML-система
63,99,-1.0,Дублирование роли
63,100,-1.0,Дублирование роли
63,101,2.5,R&D → Engineering
63,102,3.0,ML pipeline: данные + модели
63,103,3.0,ML pipeline: данные + модели
63,104,3.0,ML pipeline: данные + модели
63,105,-1.0,Дублирование роли
63,108,1.5,Масштабируемая ML-система
63,109,1.5,Масштабируемая ML-система
64,70,2.5,R&D → Engineering
64,71,2.5,R&D → Engineering
64,72,2.5,Исследования + продакшн
64,73,2.5,Исследования + продакшн
64,74,2.5,Исследования + продакшн
64,75,2.5,Исследования + продакшн
64,76,-1.0,Дублирование роли
64,79,2.5,AI + ML сильная синергия
64,80,2.5,AI + ML сильная синергия
64,81,2.5,R&D → Engineering
64,82,2.5,R&D → Engineering
64,83,-1.0,Дублирование роли
64,84,-1.0,Дублирование роли
64,85,2.5,AI + ML сильная синергия
64,86,2.5,AI + ML сильная синергия
64,87,2.5,AI + ML сильная синергия
64,88,2.5,AI + ML сильная синергия
64,89,3.0,ML pipeline: данные + модели
64,90,2.5,R&D → Engineering
64,91,2.5,R&D → Engineering
64,92,2.5,R&D → Engineering
64,93,2.5,R&D → Engineering
64,94,2.5,R&D → Engineering
64,95,-1.0,Дублирование роли
64,96,-1.0,Дублирование роли
64,97,1.5,Масштабируемая ML-система
64,98,1.5,Масштабируемая ML-система
64,99,-1.0,Дублирование роли
64,100,-1.0,Дублирование роли
64,101,2.5,R&D → Engineering
64,102,3.0,ML pipeline: данные + модели
64,103,3.0,ML pipeline: данные + модели
64,104,3.0,ML pipeline: данные + модели
64,105,-1.0,Дублирование роли
64,108,1.5,Масштабируемая ML-система
64,109,1.5,Масштабируемая ML-система
65,66,-1.0,Дублирование роли
65,70,2.5,R&D → Engineering
65,71,2.5,R&D → Engineering
65,72,2.5,Исследования + продакшн
65,73,2.5,Исследования + продакшн
65,74,2.5,Исследования + продакшн
65,75,2.5,Исследования + продакшн
65,77,-1.0,Дублирование роли
65,78,-1.0,Дублирование роли
65,79,2.5,AI + ML сильная синергия
65,80,2.5,AI + ML сильная синергия
65,81,2.5,R&D → Engineering
65,82,2.5,R&D → Engineering
65,85,2.5,AI + ML сильная синергия
65,86,2.5,AI + ML сильная синергия
65,87,2.5,AI + ML сильная синергия
65,88,2.5,AI + ML сильная синергия
65,89,3.0,ML pipeline: данные + модели
65,90,2.5,R&D → Engineering
65,91,2.5,R&D → Engineering
65,92,2.5,R&D → Engineering
65,93,2.5,R&D → Engineering
65,94,2.5,R&D → Engineering
65,97,1.5,Масштабируемая ML-система
65,98,1.5,Масштабируемая ML-система
65,101,2.5,R&D → Engineering
65,102,3.0,ML pipeline: данные + модели
65,103,3.0,ML pipeline: данные + модели
65,104,3.0,ML pipeline: данные + модели
65,108,1.5,Масштабируемая ML-система
65,109,1.5,Масштабируемая ML-система
66,70,2.5,R&D → Engineering
66,71,2.5,R&D → Engineering
66,72,2.5,Исследования + продакшн
66,73,2.5,Исследования + продакшн
66,74,2.5,Исследования + продакшн
66,75,2.5,Исследования + продакшн
66,77,-1.0,Дублирование роли
66,78,-1.0,Дублирование роли
66,79,2.5,AI + ML сильная синергия
66,80,2.5,AI + ML сильная синергия
66,81,2.5,R&D → Engineering
66,82,2.5,R&D → Engineering
66,85,2.5,AI + ML сильная синергия
66,86,2.5,AI + ML сильная синергия
66,87,2.5,AI + ML сильная синергия
66,88,2.5,AI + ML сильная синергия
66,89,3.0,ML pipeline: данные + модели
66,90,2.5,R&D → Engineering
66,91,2.5,R&D → Engineering
66,92,2.5,R&D → Engineering
66,93,2.5,R&D → Engineering
66,94,2.5,R&D → Engineering
66,97,1.5,Масштабируемая ML-система
66,98,1.5,Масштабируемая ML-система
66,101,2.5,R&D → Engineering
66,102,3.0,ML pipeline: данные + модели
66,103,3.0,ML pipeline: данные + модели
66,104,3.0,ML pipeline: данные + модели
66,108,1.5,Масштабируемая ML-система
66,109,1.5,Масштабируемая ML-система
67,68,-1.0,Дублирование роли
67,72,2.0,Аналитика + моделирование
67,73,2.0,Аналитика + моделирование
67,74,2.0,Аналитика + моделирование
67,75,2.0,Аналитика + моделирование
67,106,-1.0,Дублирование роли
67,107,-1.0,Дублирование роли
67,110,-1.0,Дублирование роли
67,111,-1.0,Дублирование роли
68,72,2.0,Аналитика + моделирование
68,73,2.0,Аналитика + моделирование
68,74,2.0,Аналитика + моделирование
68,75,2.0,Аналитика + моделирование
68,106,-1.0,Дублирование роли
68,107,-1.0,Дублирование роли
68,110,-1.0,Дублирование роли
68,111,-1.0,Дублирование роли
69,72,2.0,Аналитика + моделирование
69,73,2.0,Аналитика + моделирование
69,74,2.0,Аналитика + моделирование
69,75,2.0,Аналитика + моделирование
70,71,-1.0,Дублирование роли
70,72,1.5,Исследования + практика
70,73,1.5,Исследования + практика
70,74,1.5,Исследования + практика
70,75,1.5,Исследования + практика
70,76,2.5,R&D → Engineering
70,77,2.5,R&D → Engineering
70,78,2.5,R&D → Engineering
70,79,2.0,AI Research связка
70,80,2.0,AI Research связка
70,83,2.5,R&D → Engineering
70,84,2.5,R&D → Engineering
70,85,2.0,AI Research связка
70,86,2.0,AI Research связка
70,87,2.0,AI Research связка
70,88,2.0,AI Research связка
70,92,-1.0,Дублирование роли
70,93,-1.0,Дублирование роли
70,94,-1.0,Дублирование роли
70,95,2.5,R&D → Engineering
70,96,2.5,R&D → Engineering
70,99,2.5,R&D → Engineering
70,100,2.5,R&D → Engineering
70,101,-1.0,Дублирование роли
70,105,2.5,R&D → Engineering
71,72,1.5,Исследования + практика
71,73,1.5,Исследования + практика
71,74,1.5,Исследования + практика
71,75,1.5,Исследования + практика
71,76,2.5,R&D → Engineering
71,77,2.5,R&D → Engineering
71,78,2.5,R&D → Engineering
71,79,2.0,AI Research связка
71,80,2.0,AI Research связка
71,83,2.5,R&D → Engineering
71,84,2.5,R&D → Engineering
71,85,2.0,AI Research связка
71,86,2.0,AI Research связка
71,87,2.0,AI Research связка
71,88,2.0,AI Research связка
71,92,-1.0,Дублирование роли
71,93,-1.0,Дублирование роли
71,94,-1.0,Дублирование роли
71,95,2.5,R&D → Engineering
71,96,2.5,R&D → Engineering
71,99,2.5,R&D → Engineering
71,100,2.5,R&D → Engineering
71,101,-1.0,Дублирование роли
71,105,2.5,R&D → Engineering
72,73,-1.0,Дублирование роли
72,74,-1.0,Дублирование роли
72,75,-1.0,Дублирование роли
72,76,2.5,Исследования + продакшн
72,77,2.5,Исследования + продакшн
72,78,2.5,Исследования + продакшн
72,81,1.5,Исследования + практика
72,82,1.5,Исследования + практика
72,83,2.5,Исследования + продакшн
72,84,2.5,Исследования + продакшн
72,90,1.5,Исследования + практика
72,91,1.5,Исследования + практика
72,92,1.5,Исследования + практика
72,93,1.5,Исследования + практика
72,94,1.5,Исследования + практика
72,95,2.5,Исследования + продакшн
72,96,2.5,Исследования + продакшн
72,97,1.5,Data-driven архитектура
72,98,1.5,Data-driven архитектура
72,99,2.5,Исследования + продакшн
72,100,2.5,Исследования + продакшн
72,101,1.5,Исследования + практика
72,105,2.5,Исследования + продакшн
72,106,2.0,Аналитика + моделирование
72,107,2.0,Аналитика + моделирование
72,108,1.5,Data-driven архитектура
72,109,1.5,Data-driven архитектура
72,110,2.0,Аналитика + моделирование
72,111,2.0,Аналитика + моделирование
73,74,-1.0,Дублирование роли
73,75,-1.0,Дублирование роли
73,76,2.5,Исследования + продакшн
73,77,2.5,Исследования + продакшн
73,78,2.5,Исследования + продакшн
73,81,1.5,Исследования + практика
73,82,1.5,Исследования + практика
73,83,2.5,Исследования + продакшн
73,84,2.5,Исследования + продакшн
73,90,1.5,Исследования + практика
73,91,1.5,Исследования + практика
73,92,1.5,Исследования + практика
73,93,1.5,Исследования + практика
73,94,1.5,Исследования + практика
73,95,2.5,Исследования + продакшн
73,96,2.5,Исследования + продакшн
73,97,1.5,Data-driven архитектура
73,98,1.5,Data-driven архитектура
73,99,2.5,Исследования + продакшн
73,100,2.5,Исследования + продакшн
73,101,1.5,Исследования + практика
73,105,2.5,Исследования + продакшн
73,106,2.0,Аналитика + моделирование
73,107,2.0,Аналитика + моделирование
73,108,1.5,Data-driven архитектура
73,109,1.5,Data-driven архитектура
73,110,2.0,Аналитика + моделирование
73,111,2.0,Аналитика + моделирование
74,75,-1.0,Дублирование роли
74,76,2.5,Исследования + продакшн
74,77,2.5,Исследования + продакшн
74,78,2.5,Исследования + продакшн
74,81,1.5,Исследования + практика
74,82,1.5,Исследования + практика
74,83,2.5,Исследования + продакшн
74,84,2.5,Исследования + продакшн
74,90,1.5,Исследования + практика
74,91,1.5,Исследования + практика
74,92,1.5,Исследования + практика
74,93,1.5,Исследования + практика
74,94,1.5,Исследования + практика
74,95,2.5,Исследования + продакшн
74,96,2.5,Исследования + продакшн
74,97,1.5,Data-driven архитектура
74,98,1.5,Data-driven архитектура
74,99,2.5,Исследования + продакшн
74,100,2.5,Исследования + продакшн
74,101,1.5,Исследования + практика
74,105,2.5,Исследования + продакшн
74,106,2.0,Аналитика + моделирование
74,107,2.0,Аналитика + моделирование
74,108,1.5,Data-driven архитектура
74,109,1.5,Data-driven архитектура
74,110,2.0,Аналитика + моделирование
74,111,2.0,Аналитика + моделирование
75,76,2.5,Исследования + продакшн
75,77,2.5,Исследования + продакшн
75,78,2.5,Исследования + продакшн
75,81,1.5,Исследования + практика
75,82,1.5,Исследования + практика
75,83,2.5,Исследования + продакшн
75,84,2.5,Исследования + продакшн
75,90,1.5,Исследования + практика
75,91,1.5,Исследования + практика
75,92,1.5,Исследования + практика
75,93,1.5,Исследования + практика
75,94,1.5,Исследования + практика
75,95,2.5,Исследования + продакшн
75,96,2.5,Исследования + продакшн
75,97,1.5,Data-driven архитектура
75,98,1.5,Data-driven архитектура
75,99,2.5,Исследования + продакшн
75,100,2.5,Исследования + продакшн
75,101,1.5,Исследования + практика
75,105,2.5,Исследования + продакшн
75,106,2.0,Аналитика + моделирование
75,107,2.0,Аналитика + моделирование
75,108,1.5,Data-driven архитектура
75,109,1.5,Data-driven архитектура
75,110,2.0,Аналитика + моделирование
75,111,2.0,Аналитика + моделирование
76,79,2.5,AI + ML сильная синергия
76,80,2.5,AI + ML сильная синергия
76,81,2.5,R&D → Engineering
76,82,2.5,R&D → Engineering
76,83,-1.0,Дублирование роли
76,84,-1.0,Дублирование роли
76,85,2.5,AI + ML сильная синергия
76,86,2.5,AI + ML сильная синергия
76,87,2.5,AI + ML сильная синергия
76,88,2.5,AI + ML сильная синергия
76,89,3.0,ML pipeline: данные + модели
76,90,2.5,R&D → Engineering
76,91,2.5,R&D → Engineering
76,92,2.5,R&D → Engineering
76,93,2.5,R&D → Engineering
76,94,2.5,R&D → Engineering
76,95,-1.0,Дублирование роли
76,96,-1.0,Дублирование роли
76,97,1.5,Масштабируемая ML-система
76,98,1.5,Масштабируемая ML-система
76,99,-1.0,Дублирование роли
76,100,-1.0,Дублирование роли
76,101,2.5,R&D → Engineering
76,102,3.0,ML pipeline: данные + модели
76,103,3.0,ML pipeline: данные + модели
76,104,3.0,ML pipeline: данные + модели
76,105,-1.0,Дублирование роли
76,108,1.5,Масштабируемая ML-система
76,109,1.5,Масштабируемая ML-система
77,78,-1.0,Дублирование роли
77,79,2.5,AI + ML сильная синергия
77,80,2.5,AI + ML сильная синергия
77,81,2.5,R&D → Engineering
77,82,2.5,R&D → Engineering
77,85,2.5,AI + ML сильная синергия
77,86,2.5,AI + ML сильная синергия
77,87,2.5,AI + ML сильная синергия
77,88,2.5,AI + ML сильная синергия
77,89,3.0,ML pipeline: данные + модели
77,90,2.5,R&D → Engineering
77,91,2.5,R&D → Engineering
77,92,2.5,R&D → Engineering
77,93,2.5,R&D → Engineering
77,94,2.5,R&D → Engineering
77,97,1.5,Масштабируемая ML-система
77,98,1.5,Масштабируемая ML-система
77,101,2.5,R&D → Engineering
77,102,3.0,ML pipeline: данные + модели
77,103,3.0,ML pipeline: данные + модели
77,104,3.0,ML pipeline: данные + модели
77,108,1.5,Масштабируемая ML-система
77,109,1.5,Масштабируемая ML-система
78,79,2.5,AI + ML сильная синергия
78,80,2.5,AI + ML сильная синергия
78,81,2.5,R&D → Engineering
78,82,2.5,R&D → Engineering
78,85,2.5,AI + ML сильная синергия
78,86,2.5,AI + ML сильная синергия
78,87,2.5,AI + ML сильная синергия
78,88,2.5,AI + ML сильная синергия
78,89,3.0,ML pipeline: данные + модели
78,90,2.5,R&D → Engineering
78,91,2.5,R&D → Engineering
78,92,2.5,R&D → Engineering
78,93,2.5,R&D → Engineering
78,94,2.5,R&D → Engineering
78,97,1.5,Масштабируемая ML-система
78,98,1.5,Масштабируемая ML-система
78,101,2.5,R&D → Engineering
78,102,3.0,ML pipeline: данные + модели
78,103,3.0,ML pipeline: данные + модели
78,104,3.0,ML pipeline: данные + модели
78,108,1.5,Масштабируемая ML-система
78,109,1.5,Масштабируемая ML-система
79,80,-1.0,Дублирование роли
79,81,2.0,AI Research связка
79,82,2.0,AI Research связка
79,83,2.5,AI + ML сильная синергия
79,84,2.5,AI + ML сильная синергия
79,85,-1.0,Дублирование роли
79,86,-1.0,Дублирование роли
79,87,-1.0,Дублирование роли
79,88,-1.0,Дублирование роли
79,90,2.0,AI Research связка
79,91,2.0,AI Research связка
79,92,2.0,AI Research связка
79,93,2.0,AI Research связка
79,94,2.0,AI Research связка
79,95,2.5,AI + ML сильная синергия
79,96,2.5,AI + ML сильная синергия
79,99,2.5,AI + ML сильная синергия
79,100,2.5,AI + ML сильная синергия
79,101,2.0,AI Research связка
79,105,2.5,AI + ML сильная синергия
80,81,2.0,AI Research связка
80,82,2.0,AI Research связка
80,83,2.5,AI + ML сильная синергия
80,84,2.5,AI + ML сильная синергия
80,85,-1.0,Дублирование роли
80,86,-1.0,Дублирование роли
80,87,-1.0,Дублирование роли
80,88,-1.0,Дублирование роли
80,90,2.0,AI Research связка
80,91,2.0,AI Research связка
80,92,2.0,AI Research связка
80,93,2.0,AI Research связка
80,94,2.0,AI Research связка
80,95,2.5,AI + ML сильная синергия
80,96,2.5,AI + ML сильная синергия
80,99,2.5,AI + ML сильная синергия
80,100,2.5,AI + ML сильная синергия
80,101,2.0,AI Research связка
80,105,2.5,AI + ML сильная синергия
81,82,-1.0,Дублирование роли
81,83,2.5,R&D → Engineering
81,84,2.5,R&D → Engineering
81,85,2.0,AI Research связка
81,86,2.0,AI Research связка
81,87,2.0,AI Research связка
81,88,2.0,AI Research связка
81,90,-1.0,Дублирование роли
81,91,-1.0,Дублирование роли
81,95,2.5,R&D → Engineering
81,96,2.5,R&D → Engineering
81,99,2.5,R&D → Engineering
81,100,2.5,R&D → Engineering
81,105,2.5,R&D → Engineering
82,83,2.5,R&D → Engineering
82,84,2.5,R&D → Engineering
82,85,2.0,AI Research связка
82,86,2.0,AI Research связка
82,87,2.0,AI Research связка
82,88,2.0,AI Research связка
82,90,-1.0,Дублирование роли
82,91,-1.0,Дублирование роли
82,95,2.5,R&D → Engineering
82,96,2.5,R&D → Engineering
82,99,2.5,R&D → Engineering
82,100,2.5,R&D → Engineering
82,105,2.5,R&D → Engineering
83,84,-1.0,Дублирование роли
83,85,2.5,AI + ML сильная синергия
83,86,2.5,AI + ML сильная синергия
83,87,2.5,AI + ML сильная синергия
83,88,2.5,AI + ML сильная синергия
83,89,3.0,ML pipeline: данные + модели
83,90,2.5,R&D → Engineering
83,91,2.5,R&D → Engineering
83,92,2.5,R&D → Engineering
83,93,2.5,R&D → Engineering
83,94,2.5,R&D → Engineering
83,95,-1.0,Дублирование роли
83,96,-1.0,Дублирование роли
83,97,1.5,Масштабируемая ML-система
83,98,1.5,Масштабируемая ML-система
83,99,-1.0,Дублирование роли
83,100,-1.0,Дублирование роли
83,101,2.5,R&D → Engineering
83,102,3.0,ML pipeline: данные + модели
83,103,3.0,ML pipeline: данные + модели
83,104,3.0,ML pipeline: данные + модели
83,105,-1.0,Дублирование роли
83,108,1.5,Масштабируемая ML-система
83,109,1.5,Масштабируемая ML-система
84,85,2.5,AI + ML сильная синергия
84,86,2.5,AI + ML сильная синергия
84,87,2.5,AI + ML сильная синергия
84,88,2.5,AI + ML сильная синергия
84,89,3.0,ML pipeline: данные + модели
84,90,2.5,R&D → Engineering
84,91,2.5,R&D → Engineering
84,92,2.5,R&D → Engineering
84,93,2.5,R&D → Engineering
84,94,2.5,R&D → Engineering
84,95,-1.0,Дублирование роли
84,96,-1.0,Дублирование роли
84,97,1.5,Масштабируемая ML-система
84,98,1.5,Масштабируемая ML-система
84,99,-1.0,Дублирование роли
84,100,-1.0,Дублирование роли
84,101,2.5,R&D → Engineering
84,102,3.0,ML pipeline: данные + модели
84,103,3.0,ML pipeline: данные + модели
84,104,3.0,ML pipeline: данные + модели
84,105,-1.0,Дублирование роли
84,108,1.5,Масштабируемая ML-система
84,109,1.5,Масштабируемая ML-система
85,86,-1.0,Дублирование роли
85,87,-1.0,Дублирование роли
85,88,-1.0,Дублирование роли
85,90,2.0,AI Research связка
85,91,2.0,AI Research связка
85,92,2.0,AI Research связка
85,93,2.0,AI Research связка
85,94,2.0,AI Research связка
85,95,2.5,AI + ML сильная синергия
85,96,2.5,AI + ML сильная синергия
85,99,2.5,AI + ML сильная синергия
85,100,2.5,AI + ML сильная синергия
85,101,2.0,AI Research связка
85,105,2.5,AI + ML сильная синергия
86,87,-1.0,Дублирование роли
86,88,-1.0,Дублирование роли
86,90,2.0,AI Research связка
86,91,2.0,AI Research связка
86,92,2.0,AI Research связка
86,93,2.0,AI Research связка
86,94,2.0,AI Research связка
86,95,2.5,AI + ML сильная синергия
86,96,2.5,AI + ML сильная синергия
86,99,2.5,AI + ML сильная синергия
86,100,2.5,AI + ML сильная синергия
86,101,2.0,AI Research связка
86,105,2.5,AI + ML сильная синергия
87,88,-1.0,Дублирование роли
87,90,2.0,AI Research связка
87,91,2.0,AI Research связка
87,92,2.0,AI Research связка
87,93,2.0,AI Research связка
87,94,2.0,AI Research связка
87,95,2.5,AI + ML сильная синергия
87,96,2.5,AI + ML сильная синергия
87,99,2.5,AI + ML сильная синергия
87,100,2.5,AI + ML сильная синергия
87,101,2.0,AI Research связка
87,105,2.5,AI + ML сильная синергия
88,90,2.0,AI Research связка
88,91,2.0,AI Research связка
88,92,2.0,AI Research связка
88,93,2.0,AI Research связка
88,94,2.0,AI Research связка
88,95,2.5,AI + ML сильная синергия
88,96,2.5,AI + ML сильная синергия
88,99,2.5,AI + ML сильная синергия
88,100,2.5,AI + ML сильная синергия
88,101,2.0,AI Research связка
88,105,2.5,AI + ML сильная синергия
89,95,3.0,ML pipeline: данные + модели
89,96,3.0,ML pipeline: данные + модели
89,97,2.5,Data pipeline + архитектура
89,98,2.5,Data pipeline + архитектура
89,99,3.0,ML pipeline: данные + модели
89,100,3.0,ML pipeline: данные + модели
89,102,-1.0,Дублирование роли
89,103,-1.0,Дублирование роли
89,104,-1.0,Дублирование роли
89,105,3.0,ML pipeline: данные + модели
89,108,2.5,Data pipeline + архитектура
89,109,2.5,Data pipeline + архитектура
90,91,-1.0,Дублирование роли
90,95,2.5,R&D → Engineering
90,96,2.5,R&D → Engineering
90,99,2.5,R&D → Engineering
90,100,2.5,R&D → Engineering
90,105,2.5,R&D → Engineering
91,95,2.5,R&D → Engineering
91,96,2.5,R&D → Engineering
91,99,2.5,R&D → Engineering
91,100,2.5,R&D → Engineering
91,105,2.5,R&D → Engineering
92,93,-1.0,Дублирование роли
92,94,-1.0,Дублирование роли
92,95,2.5,R&D → Engineering
92,96,2.5,R&D → Engineering
92,99,2.5,R&D → Engineering
92,100,2.5,R&D → Engineering
92,101,-1.0,Дублирование роли
92,105,2.5,R&D → Engineering
93,94,-1.0,Дублирование роли
93,95,2.5,R&D → Engineering
93,96,2.5,R&D → Engineering
93,99,2.5,R&D → Engineering
93,100,2.5,R&D → Engineering
93,101,-1.0,Дублирование роли
93,105,2.5,R&D → Engineering
94,95,2.5,R&D → Engineering
94,96,2.5,R&D → Engineering
94,99,2.5,R&D → Engineering
94,100,2.5,R&D → Engineering
94,101,-1.0,Дублирование роли
94,105,2.5,R&D → Engineering
95,96,-1.0,Дублирование роли
95,97,1.5,Масштабируемая ML-система
95,98,1.5,Масштабируемая ML-система
95,99,-1.0,Дублирование роли
95,100,-1.0,Дублирование роли
95,101,2.5,R&D → Engineering
95,102,3.0,ML pipeline: данные + модели
95,103,3.0,ML pipeline: данные + модели
95,104,3.0,ML pipeline: данные + модели
95,105,-1.0,Дублирование роли
95,108,1.5,Масштабируемая ML-система
95,109,1.5,Масштабируемая ML-система
96,97,1.5,Масштабируемая ML-система
96,98,1.5,Масштабируемая ML-система
96,99,-1.0,Дублирование роли
96,100,-1.0,Дублирование роли
96,101,2.5,R&D → Engineering
96,102,3.0,ML pipeline: данные + модели
96,103,3.0,ML pipeline: данные + модели
96,104,3.0,ML pipeline: данные + модели
96,105,-1.0,Дублирование роли
96,108,1.5,Масштабируемая ML-система
96,109,1.5,Масштабируемая ML-система
97,98,-1.0,Дублирование роли
97,99,1.5,Масштабируемая ML-система
97,100,1.5,Масштабируемая ML-система
97,102,2.5,Data pipeline + архитектура
97,103,2.5,Data pipeline + архитектура
97,104,2.5,Data pipeline + архитектура
97,105,1.5,Масштабируемая ML-система
97,108,-1.0,Дублирование роли
97,109,-1.0,Дублирование роли
98,99,1.5,Масштабируемая ML-система
98,100,1.5,Масштабируемая ML-система
98,102,2.5,Data pipeline + архитектура
98,103,2.5,Data pipeline + архитектура
98,104,2.5,Data pipeline + архитектура
98,105,1.5,Масштабируемая ML-система
98,108,-1.0,Дублирование роли
98,109,-1.0,Дублирование роли
99,100,-1.0,Дублирование роли
99,101,2.5,R&D → Engineering
99,102,3.0,ML pipeline: данные + модели
99,103,3.0,ML pipeline: данные + модели
99,104,3.0,ML pipeline: данные + модели
99,105,-1.0,Дублирование роли
99,108,1.5,Масштабируемая ML-система
99,109,1.5,Масштабируемая ML-система
100,101,2.5,R&D → Engineering
100,102,3.0,ML pipeline: данные + модели
100,103,3.0,ML pipeline: данные + модели
100,104,3.0,ML pipeline: данные + модели
100,105,-1.0,Дублирование роли
100,108,1.5,Масштабируемая ML-система
100,109,1.5,Масштабируемая ML-система
101,105,2.5,R&D → Engineering
102,103,-1.0,Дублирование роли
102,104,-1.0,Дублирование роли
102,105,3.0,ML pipeline: данные + модели
102,108,2.5,Data pipeline + архитектура
102,109,2.5,Data pipeline + архитектура
103,104,-1.0,Дублирование роли
103,105,3.0,ML pipeline: данные + модели
103,108,2.5,Data pipeline + архитектура
103,109,2.5,Data pipeline + архитектура
104,105,3.0,ML pipeline: данные + модели
104,108,2.5,Data pipeline + архитектура
104,109,2.5,Data pipeline + архитектура
105,108,1.5,Масштабируемая ML-система
105,109,1.5,Масштабируемая ML-система
106,107,-1.0,Дублирование роли
106,110,-1.0,Дублирование роли
106,111,-1.0,Дублирование роли
107,110,-1.0,Дублирование роли
107,111,-1.0,Дублирование роли
108,109,-1.0,Дублирование роли
110,111,-1.0,Дублирование роли
